0.00860326,-0.00209035,0.78099936,-0.00711548,0.07630829,0.01723319,0.99690994,-0.10938977,0.37761071,0.15658146,0.52964085,-0.00322280,-0.09889060,-0.39633253,-0.14255002,-0.01117737,0.39441690,-0.15626694,0.18359493,-0.03037090,0.02318246,-0.07781485,0.07036489,0.21545427,0.23846787,1.51998079,0.00417728,0.00910307,0.02495838,0.00523379,-0.56134516,-0.05598244,1.05771661,-0.00104901,-0.02260896,-0.01363723
0.01250278,-0.00569315,0.78182864,-0.00461179,0.07623083,0.01776225,0.99692131,-0.11539245,0.37831548,0.15413307,0.54345959,0.00026580,-0.09633462,-0.39270529,-0.14309272,-0.01157524,0.39672533,-0.15645047,0.18326505,-0.02962155,0.02794056,-0.08094055,0.06090782,0.22712080,0.23591009,1.50601554,0.00432207,0.00602438,0.02519542,0.00291225,-0.55308926,-0.05590113,1.06227541,-0.00109483,-0.02262875,-0.01277318
0.01571657,-0.00961237,0.78286481,-0.00174367,0.07568971,0.01907772,0.99694738,-0.12772048,0.37938312,0.15034443,0.56718630,0.00582730,-0.09142090,-0.38835546,-0.14454138,-0.01224336,0.39958513,-0.15681872,0.18264163,-0.02761389,0.03252482,-0.08477989,0.04775143,0.24649560,0.23096265,1.48245585,0.00455209,0.00188132,0.02525631,-0.00103834,-0.54030329,-0.05680414,1.07144606,-0.00116840,-0.02258646,-0.01174274
0.01827670,-0.01339165,0.78396142,0.00127488,0.07505950,0.02031171,0.99697135,-0.14524965,0.38011017,0.14675720,0.59801501,0.01218636,-0.08442266,-0.38457736,-0.14677197,-0.01320619,0.40236789,-0.15720180,0.18175933,-0.02528302,0.03635950,-0.08866484,0.03264963,0.27171823,0.22392942,1.45157123,0.00482847,-0.00259139,0.02501848,-0.00587041,-0.52498943,-0.05918827,1.08533823,-0.00126241,-0.02239010,-0.01089835
0.02020348,-0.01682343,0.78509009,0.00444448,0.07473956,0.02087987,0.99697456,-0.16705757,0.38014063,0.14481324,0.63306773,0.01810582,-0.07567002,-0.38232914,-0.14990993,-0.01443114,0.40461954,-0.15746345,0.18067752,-0.02312324,0.03980476,-0.09213357,0.01629830,0.30177265,0.21520445,1.41517437,0.00511900,-0.00704298,0.02450675,-0.01135613,-0.50830919,-0.06324960,1.10386491,-0.00137357,-0.02201018,-0.01041443
0.02134326,-0.01995567,0.78632832,0.00781548,0.07507971,0.02073002,0.99693140,-0.19238752,0.37927607,0.14577648,0.66955197,0.02267246,-0.06558598,-0.38262308,-0.15404283,-0.01601632,0.40604943,-0.15751821,0.17947902,-0.02129701,0.04360665,-0.09487952,-0.00118972,0.33629575,0.20525093,1.37504315,0.00539384,-0.01116167,0.02385198,-0.01768683,-0.49103782,-0.06901290,1.12680340,-0.00149874,-0.02146510,-0.01036375
0.02178875,-0.02322172,0.78737414,0.01189607,0.07642857,0.02038330,0.99679571,-0.22088842,0.37737539,0.15058435,0.70446569,0.02509354,-0.05463839,-0.38600519,-0.15948027,-0.01799112,0.40658349,-0.15728430,0.17820403,-0.01913559,0.04952401,-0.09669694,-0.01949599,0.37511310,0.19452065,1.33275402,0.00562770,-0.01477821,0.02317180,-0.02506738,-0.47349527,-0.07632910,1.15392685,-0.00163438,-0.02074927,-0.01070683
0.02196784,-0.02593909,0.78829992,0.01551855,0.07916997,0.01999879,0.99653968,-0.25144947,0.37573242,0.15886690,0.73526424,0.02482310,-0.04318070,-0.39262268,-0.16506685,-0.02087649,0.40656164,-0.15664996,0.17692302,-0.01663340,0.05502044,-0.09662716,-0.03874105,0.41755214,0.18338026,1.28991365,0.00580212,-0.01774579,0.02249061,-0.03412787,-0.45660213,-0.08516310,1.18485057,-0.00177102,-0.01992522,-0.01150158
0.02124353,-0.02792163,0.78887367,0.01850665,0.08239995,0.01963651,0.99623399,-0.28380260,0.37465626,0.17027727,0.75982827,0.02162394,-0.03172994,-0.40164566,-0.17051227,-0.02470908,0.40669462,-0.15510903,0.17565955,-0.01409833,0.06001623,-0.09572511,-0.05926063,0.46389496,0.17228617,1.24790752,0.00590211,-0.02002305,0.02199612,-0.04484630,-0.44056192,-0.09529906,1.21912718,-0.00190000,-0.01905494,-0.01268203
0.02003095,-0.02936629,0.78935575,0.02077579,0.08604844,0.01946551,0.99588409,-0.31768855,0.37449622,0.18445545,0.77720797,0.01653352,-0.02055742,-0.41272411,-0.17569785,-0.02953537,0.40728855,-0.15323378,0.17446238,-0.01130038,0.06515422,-0.09313970,-0.08090264,0.51347697,0.16149719,1.20805836,0.00592242,-0.02153784,0.02171398,-0.05679710,-0.42569372,-0.10655199,1.25646532,-0.00200879,-0.01807585,-0.01421362
0.01832877,-0.03058886,0.78951341,0.02276790,0.09012522,0.01996929,0.99546989,-0.35299578,0.37537995,0.20129661,0.78743184,0.01084670,-0.00991078,-0.42523378,-0.18097560,-0.03519623,0.40853244,-0.15127906,0.17334192,-0.00841262,0.07201871,-0.08969452,-0.10393488,0.56621015,0.15130916,1.17158794,0.00585929,-0.02219792,0.02175338,-0.06931975,-0.41204885,-0.11863899,1.29647660,-0.00208478,-0.01692972,-0.01598781
0.01566876,-0.03087750,0.78961545,0.02331460,0.09364598,0.02137727,0.99510295,-0.38877779,0.37790191,0.22031975,0.79128802,0.00545714,0.00000000,-0.43808618,-0.18536273,-0.04202826,0.41094550,-0.14942540,0.17235614,-0.00580846,0.07801376,-0.08623505,-0.12871736,0.62089229,0.14167304,1.13930011,0.00572296,-0.02201537,0.02196991,-0.08268144,-0.40055200,-0.13139470,1.33846176,-0.00211194,-0.01569590,-0.01804737
0.01261279,-0.03132910,0.78936964,0.02337122,0.09739523,0.02345592,0.99469481,-0.42544761,0.38173917,0.24127026,0.78905827,0.00080545,0.00880062,-0.45199922,-0.18901773,-0.04991846,0.41455299,-0.14799567,0.17151132,-0.00359530,0.08549080,-0.08190223,-0.15549062,0.67719346,0.13276601,1.11183035,0.00552310,-0.02100747,0.02244978,-0.09628731,-0.39121971,-0.14444564,1.38202035,-0.00207555,-0.01422912,-0.02023738
0.00976178,-0.03179636,0.78873026,0.02306640,0.10191407,0.02620965,0.99418032,-0.46304369,0.38665649,0.26336470,0.78178120,-0.00300250,0.01659136,-0.46740532,-0.19226466,-0.05869215,0.41934046,-0.14726919,0.17080915,-0.00158985,0.09505851,-0.07595905,-0.18423578,0.73450470,0.12465435,1.08963740,0.00527361,-0.01917757,0.02321268,-0.11000967,-0.38445857,-0.15744133,1.42641580,-0.00196181,-0.01251930,-0.02245664
0.00650950,-0.03164720,0.78791887,0.02159297,0.10638490,0.02935976,0.99365688,-0.50119972,0.39292446,0.28534660,0.77077371,-0.00612336,0.02345672,-0.48369762,-0.19484450,-0.06834708,0.42562944,-0.14733769,0.17024785,0.00000000,0.10424381,-0.06910717,-0.21461688,0.79195607,0.11732685,1.07303715,0.00499029,-0.01650788,0.02424129,-0.12399988,-0.38075906,-0.17000572,1.47058940,-0.00176124,-0.01070891,-0.02461122
0.00402394,-0.03157278,0.78643405,0.01969439,0.11211074,0.03252786,0.99296790,-0.54013640,0.40028244,0.30681282,0.75695145,-0.00883513,0.02946256,-0.50181371,-0.19680773,-0.07892158,0.43349311,-0.14839624,0.16983514,0.00219834,0.11520349,-0.05959678,-0.24635604,0.84866655,0.11071521,1.06199837,0.00469050,-0.01308347,0.02548796,-0.13676248,-0.38002914,-0.18174140,1.51426125,-0.00146195,-0.00849947,-0.02656826
0.00125796,-0.03101655,0.78474289,0.01667881,0.11729434,0.03635287,0.99229145,-0.57915306,0.40888271,0.32742032,0.74169773,-0.01137704,0.03474589,-0.52000558,-0.19791417,-0.09050546,0.44364032,-0.15040950,0.16957472,0.00412950,0.12560366,-0.05060410,-0.27857691,0.90402842,0.10478966,1.05634546,0.00438755,-0.00898727,0.02693628,-0.14907128,-0.38300616,-0.19226810,1.55596817,-0.00106635,-0.00622921,-0.02829409
-0.00167083,-0.03010209,0.78282207,0.01243347,0.12183313,0.04083604,0.99163225,-0.61792052,0.41889650,0.34726501,0.72635716,-0.01396822,0.03948234,-0.53767425,-0.19779392,-0.10326304,0.45609304,-0.15343128,0.16946766,0.00542224,0.13461472,-0.04246616,-0.31077015,0.95725524,0.09941646,1.05563474,0.00409399,-0.00437588,0.02849931,-0.16062576,-0.39000130,-0.20121025,1.59486949,-0.00057705,-0.00392569,-0.02975171
-0.00438477,-0.02921312,0.78058445,0.00725281,0.12582470,0.04513061,0.99099888,-0.65586609,0.43110418,0.36613932,0.71202010,-0.01681338,0.04393359,-0.55436575,-0.19630057,-0.11723502,0.47055662,-0.15759739,0.16953243,0.00466843,0.14196058,-0.03526474,-0.34272081,1.00721598,0.09429947,1.05911696,0.00382091,0.00048181,0.02997820,-0.17115819,-0.40115836,-0.20821172,1.63021994,0.00000000,-0.00159018,-0.03089038
-0.00677374,-0.02807493,0.77798855,0.00079268,0.12922697,0.05011320,0.99034763,-0.69323814,0.44530788,0.38426489,0.69943613,-0.01994363,0.04836533,-0.56946385,-0.19352801,-0.13244089,0.48672128,-0.16292402,0.16975926,0.00312058,0.14707030,-0.02880346,-0.37303779,1.05341613,0.08931733,1.06669533,0.00356750,0.00568835,0.03126109,-0.18104188,-0.41674879,-0.21296249,1.66116011,0.00013643,0.00065972,-0.03170716
-0.00924738,-0.02686957,0.77509749,-0.00693065,0.13162610,0.05611802,0.98968546,-0.73014498,0.46131554,0.40184987,0.68889213,-0.02329246,0.05299775,-0.58256769,-0.18929100,-0.14898016,0.50442660,-0.16943279,0.17017877,0.00150904,0.14978367,-0.02280309,-0.40040040,1.09533989,0.08431844,1.07811368,0.00332991,0.01128501,0.03220552,-0.19016472,-0.43674460,-0.21522315,1.68725872,0.00030780,0.00284968,-0.03217499
-0.01116310,-0.02537997,0.77186418,-0.01601040,0.13344093,0.06205809,0.98898229,-0.76598626,0.47953713,0.41867921,0.68043447,-0.02676724,0.05804413,-0.59375471,-0.18322843,-0.16699928,0.52318573,-0.17719524,0.17084628,-0.00164871,0.14969632,-0.01627998,-0.42461425,1.13244665,0.07910658,1.09246945,0.00310617,0.01699985,0.03263652,-0.19813174,-0.46130392,-0.21483281,1.70849633,0.00047856,0.00515654,-0.03231934
-0.01249038,-0.02384471,0.76834965,-0.02582008,0.13439275,0.06806404,0.98825058,-0.80007911,0.49974555,0.43474096,0.67393398,-0.03039195,0.06372257,-0.60217613,-0.17594714,-0.18608406,0.54267746,-0.18622985,0.17177726,-0.00577824,0.14780241,-0.01042813,-0.44556272,1.16522348,0.07380506,1.10887337,0.00289682,0.02256323,0.03260294,-0.20578775,-0.49039134,-0.21173483,1.72450745,0.00061381,0.00750784,-0.03209575
-0.01325884,-0.02214151,0.76464379,-0.03642630,0.13421199,0.07418233,0.98750050,-0.83216357,0.52155054,0.45012137,0.66950750,-0.03436567,0.07025876,-0.60721153,-0.16738677,-0.20612900,0.56261927,-0.19647999,0.17303455,-0.01027271,0.14357202,-0.00636948,-0.46267962,1.19390750,0.06852368,1.12699080,0.00269774,0.02798136,0.03215165,-0.21352042,-0.52390271,-0.20598020,1.73529983,0.00069048,0.00994818,-0.03149422
-0.01366219,-0.02038869,0.76086509,-0.04796684,0.13256253,0.08032376,0.98674944,-0.86230838,0.54445648,0.46498585,0.66718727,-0.03887152,0.07782777,-0.60865611,-0.15736900,-0.22707219,0.58300579,-0.20777096,0.17467672,-0.01497974,0.13660234,-0.00445776,-0.47546685,1.21842766,0.06333724,1.14650726,0.00250569,0.03326093,0.03132861,-0.22101137,-0.56172723,-0.19772342,1.74149299,0.00071050,0.01277289,-0.03052443
-0.01385124,-0.01848728,0.75685239,-0.06056094,0.12947374,0.08686804,0.98591220,-0.89117938,0.56781667,0.47962087,0.66696364,-0.04407677,0.08658846,-0.60637450,-0.14586093,-0.24884963,0.60365450,-0.22008964,0.17677566,-0.01936854,0.12637880,-0.00424229,-0.48377270,1.23889792,0.05834000,1.16717923,0.00231870,0.03843549,0.03020736,-0.22853316,-0.60370708,-0.18720348,1.74343765,0.00065225,0.01607107,-0.02925036
-0.01299413,-0.01653759,0.75264299,-0.07349259,0.12554197,0.09385723,0.98490044,-0.91854948,0.59103912,0.49396220,0.66868591,-0.05003409,0.09673505,-0.60064542,-0.13339956,-0.27113029,0.62414610,-0.23338065,0.17937562,-0.02355253,0.11466389,-0.00525720,-0.48831365,1.25597417,0.05367079,1.18831885,0.00214322,0.04330276,0.02891319,-0.23641306,-0.64936912,-0.17474294,1.74145567,0.00053313,0.01988442,-0.02769763
-0.01137299,-0.01431127,0.74823695,-0.08678430,0.12068616,0.10096365,0.98372236,-0.94417739,0.61395657,0.50751865,0.67222828,-0.05675603,0.10855824,-0.59170330,-0.11988254,-0.29382786,0.64386457,-0.24750115,0.18250656,-0.02816358,0.10085400,-0.00789785,-0.48954263,1.26966774,0.04929621,1.20952332,0.00197609,0.04779723,0.02743909,-0.24481887,-0.69854957,-0.16070344,1.73594761,0.00036892,0.02425137,-0.02597973
-0.00953135,-0.01169287,0.74359041,-0.10075284,0.11470676,0.10857958,0.98229410,-0.96838719,0.63637227,0.51983339,0.67747861,-0.06431068,0.12236084,-0.57924479,-0.10515705,-0.31682312,0.66233367,-0.26226428,0.18618311,-0.03258510,0.08343779,-0.01244693,-0.48748556,1.28001690,0.04519356,1.23079216,0.00181249,0.05205472,0.02580168,-0.25402716,-0.75119305,-0.14547357,1.72724771,0.00018135,0.02916386,-0.02423257
-0.00696994,-0.00895519,0.73882776,-0.11478048,0.10814590,0.11688774,0.98054432,-0.99133718,0.65761429,0.53064960,0.68475610,-0.07267194,0.13835850,-0.56344897,-0.08946649,-0.33986947,0.67894596,-0.27747083,0.19040738,-0.03668626,0.06385305,-0.01815548,-0.48288709,1.28762197,0.04138990,1.25175047,0.00165675,0.05601575,0.02408519,-0.26428574,-0.80686575,-0.12947085,1.71559262,0.00000000,0.03457154,-0.02254045
-0.00377313,-0.00601863,0.73407257,-0.12884671,0.10105312,0.12620788,0.97839581,-1.01305926,0.67676175,0.53965008,0.69452846,-0.08186509,0.15659975,-0.54442757,-0.07297390,-0.36280313,0.69338840,-0.29277149,0.19520226,-0.04036568,0.04254515,-0.02512204,-0.47647566,1.29297006,0.03785401,1.27221763,0.00150974,0.05972015,0.02233754,-0.27591383,-0.86507004,-0.11311236,1.70101297,0.00000000,0.04032196,-0.02098445
0.00018762,-0.00258250,0.72952473,-0.14295366,0.09356134,0.13662275,0.97577905,-1.03319693,0.69315493,0.54610384,0.70726562,-0.09187675,0.17697050,-0.52222693,-0.05586527,-0.38548574,0.70541656,-0.30779418,0.20060261,-0.04386836,0.01984675,-0.03353031,-0.46912548,1.29675663,0.03454954,1.29199386,0.00137451,0.06320350,0.02062091,-0.28897673,-0.92558914,-0.09679414,1.68367851,0.00000000,0.04633996,-0.01969174
0.00512631,0.00134925,0.72521579,-0.15681689,0.08586235,0.14767138,0.97274317,-1.05145192,0.70619774,0.54894513,0.72349131,-0.10256263,0.19919306,-0.49683908,-0.03813130,-0.40789869,0.71474916,-0.32217804,0.20666116,-0.04771655,-0.00416445,-0.04364721,-0.46171004,1.29919744,0.03135047,1.31065536,0.00125036,0.06639587,0.01893033,-0.30361173,-0.98796660,-0.08091237,1.66381168,0.00000000,0.05257945,-0.01872656
0.01035190,0.00575492,0.72090536,-0.17052804,0.07762018,0.15963292,0.96923301,-1.06798077,0.71496171,0.54702377,0.74332911,-0.11415467,0.22291842,-0.46854487,-0.01991908,-0.43004826,0.72110778,-0.33558384,0.21349207,-0.05100761,-0.02989037,-0.05603549,-0.45448560,1.30080378,0.02819001,1.32834470,0.00114241,0.06952575,0.01735534,-0.31985241,-1.05147994,-0.06581316,1.64133108,0.00000000,0.05888373,-0.01809420
0.01666874,0.01073954,0.71684915,-0.18364094,0.06992164,0.17216682,0.96526968,-1.08321428,0.71966028,0.53880060,0.76575685,-0.12754083,0.24781522,-0.43803769,-0.00187274,-0.45180312,0.72429895,-0.34766772,0.22118376,-0.05433938,-0.05729735,-0.06907102,-0.44816718,1.30158019,0.02490777,1.34470904,0.00105021,0.07258289,0.01588407,-0.33760905,-1.11514866,-0.05179537,1.61628306,-0.00023706,0.06516889,-0.01775353
0.02374744,0.01640214,0.71329272,-0.19569334,0.06300413,0.18602374,0.96079642,-1.09757316,0.72097927,0.52297229,0.78910261,-0.14366242,0.27343294,-0.40593961,0.01502090,-0.47290716,0.72437441,-0.35809213,0.22984655,-0.05733379,-0.08607484,-0.08314700,-0.44346374,1.30231106,0.02143764,1.35946286,0.00098662,0.07559676,0.01463027,-0.35703531,-1.17811918,-0.03908790,1.58849847,-0.00045933,0.07125957,-0.01766575
0.03162500,0.02285437,0.71062702,-0.20727699,0.05662006,0.20160299,0.95560800,-1.11199892,0.71793419,0.50069666,0.81303537,-0.16221046,0.29879043,-0.37236434,0.03086578,-0.49350011,0.72198069,-0.36662516,0.23961945,-0.05954357,-0.11602882,-0.09862000,-0.44097710,1.30387282,0.01772993,1.37234724,0.00096661,0.07861950,0.01372009,-0.37814483,-1.23972154,-0.02784699,1.55781937,-0.00068655,0.07701088,-0.01780064
0.04012904,0.03005076,0.70745295,-0.21764267,0.05114472,0.21919333,0.94972110,-1.12696493,0.70997077,0.47288147,0.83774495,-0.18265243,0.32311627,-0.33821943,0.04569101,-0.51366645,0.71745074,-0.37246314,0.25062728,-0.06116539,-0.14684233,-0.11523818,-0.44150510,1.30687559,0.01372922,1.38281083,0.00100662,0.08155272,0.01324411,-0.40093285,-1.29942012,-0.01816321,1.52415287,-0.00093845,0.08232321,-0.01814026
0.04934310,0.03845733,0.70476502,-0.22764082,0.04694310,0.23868341,0.94287127,-1.14367759,0.69596446,0.44118080,0.86424440,-0.20451845,0.34572294,-0.30446252,0.05987433,-0.53322226,0.71100718,-0.37304246,0.26288724,-0.06253411,-0.17951033,-0.13193648,-0.44577017,1.31138825,0.00937037,1.39010918,0.00111752,0.08419519,0.01322585,-0.42567387,-1.35709453,-0.01007476,1.48702431,-0.00124551,0.08694284,-0.01872510
0.05929472,0.04771847,0.70340413,-0.23739696,0.04446164,0.25978596,0.93497438,-1.16239655,0.67495376,0.40698728,0.89324111,-0.22740586,0.36608800,-0.27251798,0.07350166,-0.55162317,0.70323163,-0.36616915,0.27639979,-0.06373710,-0.21284267,-0.14781569,-0.45438361,1.31727064,0.00454939,1.39347816,0.00131405,0.08631517,0.01371055,-0.45232341,-1.41152608,-0.00352299,1.44623375,-0.00161390,0.09078239,-0.01938844
0.06942768,0.05812566,0.70097303,-0.24617941,0.04386890,0.28285338,0.92599416,-1.18300331,0.64671785,0.37107497,0.92468441,-0.25079280,0.38394031,-0.24398610,0.08750047,-0.56840277,0.69524562,-0.34876671,0.29109797,-0.06505103,-0.24781761,-0.16242264,-0.46777332,1.32385385,-0.00111135,1.39227915,0.00160394,0.08772167,0.01463675,-0.48103142,-1.46224630,0.00162934,1.40123582,-0.00207194,0.09360724,-0.02009041
0.07991695,0.06958742,0.70062619,-0.25582233,0.04459786,0.30783081,0.91531752,-1.20256388,0.61198837,0.33243999,0.95454866,-0.27562746,0.39899048,-0.21996357,0.10214394,-0.58238208,0.68947297,-0.31924286,0.30696633,-0.06640263,-0.28231943,-0.17691110,-0.48624635,1.33126116,-0.00808569,1.38604903,0.00201627,0.08828326,0.01608950,-0.51150477,-1.50901783,0.00560923,1.35194349,-0.00265547,0.09544106,-0.02081733
0.08981559,0.08283880,0.69933617,-0.26663319,0.04618752,0.33536301,0.90238856,-1.22319889,0.57037514,0.29344064,0.98410058,-0.30080393,0.41129923,-0.20212965,0.11928763,-0.59233516,0.68653077,-0.27152908,0.32362506,-0.06802033,-0.32162854,-0.18984394,-0.50955272,1.33814812,-0.01606693,1.37488651,0.00255678,0.08811560,0.01793880,-0.54430288,-1.55259132,0.00863461,1.29739285,-0.00343911,0.09587224,-0.02172392
0.09896677,0.09800078,0.69823438,-0.27953962,0.04853648,0.36468434,0.88685238,-1.24379241,0.52383316,0.25399125,1.01151443,-0.32645395,0.42092466,-0.19166256,0.13844459,-0.59692478,0.68626148,-0.20642030,0.34078318,-0.07042342,-0.36327824,-0.20059305,-0.53782493,1.34423137,-0.02483585,1.35851586,0.00326585,0.08710915,0.02025201,-0.57904780,-1.59240007,0.01107928,1.23757303,-0.00447629,0.09498325,-0.02277681
0.10700612,0.11499226,0.69613177,-0.29418959,0.05140966,0.39454617,0.86898956,-1.26356602,0.47449774,0.21420415,1.03540301,-0.35267329,0.42800480,-0.18959808,0.15980186,-0.59636629,0.68672532,-0.12825644,0.35819668,-0.07352931,-0.40455547,-0.20882897,-0.57075369,1.34908891,-0.03442751,1.33720052,0.00418746,0.08539194,0.02308512,-0.61515284,-1.62722921,0.01346195,1.17280436,-0.00581696,0.09301115,-0.02384531
0.11389697,0.13375390,0.69537818,-0.31176893,0.05492044,0.42368946,0.84868788,-1.28230596,0.42544255,0.17376173,1.05415201,-0.37942365,0.43277860,-0.19413398,0.18217173,-0.59086591,0.68723208,-0.04609824,0.37575114,-0.07757925,-0.44173923,-0.21517231,-0.60811734,1.35257852,-0.04489463,1.31121850,0.00538235,0.08307108,0.02655899,-0.65158355,-1.65514290,0.01651237,1.10399067,-0.00750344,0.09045865,-0.02468742
0.11981466,0.15457997,0.69506937,-0.33268652,0.05951398,0.45154019,0.82576584,-1.30152297,0.37810954,0.13342965,1.06760335,-0.40663955,0.43554083,-0.20393053,0.20458500,-0.58065063,0.68563372,0.03478122,0.39293435,-0.08199284,-0.47584122,-0.21887930,-0.64942449,1.35403204,-0.05633401,1.28098989,0.00690807,0.08030853,0.03071100,-0.68825537,-1.67578197,0.02074174,1.03115010,-0.00963066,0.08729935,-0.02531685
0.12418408,0.17630616,0.69436586,-0.35606837,0.06527084,0.47775750,0.80043913,-1.32247519,0.33294666,0.09425817,1.07652581,-0.43409914,0.43662491,-0.21742575,0.22448644,-0.56542426,0.67871702,0.11124559,0.40889218,-0.08658200,-0.50695425,-0.22029863,-0.69469321,1.35322487,-0.06877705,1.24654889,0.00884231,0.07704912,0.03564732,-0.72558397,-1.69019938,0.02629847,0.95446116,-0.01233018,0.08350444,-0.02598785
0.12720379,0.19857663,0.69330096,-0.38099499,0.07237720,0.50141902,0.77342312,-1.34511578,0.29058748,0.05676202,1.08141959,-0.46161294,0.43632498,-0.23345523,0.23896773,-0.54642034,0.66412067,0.18041189,0.42299587,-0.09097008,-0.53405476,-0.21897414,-0.74429184,1.35009897,-0.08222863,1.20767772,0.01127497,0.07309059,0.04148189,-0.76403475,-1.69884682,0.03342676,0.87409008,-0.01572136,0.07893943,-0.02684080
0.12868269,0.22042629,0.69209337,-0.40619366,0.08015406,0.52163726,0.74597360,-1.36864781,0.25149935,0.02110846,1.08250451,-0.48915160,0.43493226,-0.25084719,0.24680585,-0.52738178,0.64224070,0.24065413,0.43497458,-0.09446304,-0.55657345,-0.21598260,-0.79839247,1.34463501,-0.09668811,1.16442800,0.01429816,0.06835344,0.04830647,-0.80385500,-1.70183587,0.04246461,0.79090303,-0.01990229,0.07371323,-0.02792015
0.12883666,0.24280608,0.69051075,-0.43221579,0.08870722,0.53725588,0.71880224,-1.39170110,0.21789345,-0.01348189,1.07849097,-0.51469374,0.43262482,-0.26553679,0.24916269,-0.51289457,0.61762255,0.29094246,0.44495970,-0.09619071,-0.57631975,-0.21188967,-0.85662711,1.33615136,-0.11229049,1.11719501,0.01798952,0.06291751,0.05606810,-0.84518659,-1.69861078,0.05400424,0.70578808,-0.02494468,0.06782912,-0.02912993
0.12717508,0.26605165,0.68961126,-0.46001355,0.09706071,0.54748238,0.69226425,-1.41438806,0.19106080,-0.04792625,1.06837845,-0.53761631,0.42963567,-0.27498454,0.24596177,-0.50583464,0.59288406,0.32916778,0.45311525,-0.09513129,-0.59622639,-0.20712841,-0.91832447,1.32419467,-0.12914996,1.06666625,0.02242301,0.05700098,0.06471045,-0.88798356,-1.68826747,0.06882707,0.61999130,-0.03088818,0.06135645,-0.03028569
0.12376174,0.28940320,0.68913680,-0.48869592,0.10402955,0.55275664,0.66694396,-1.43541145,0.17232892,-0.08308476,1.05223441,-0.55683792,0.42611855,-0.27889720,0.23641177,-0.50627089,0.56892639,0.35584068,0.45909271,-0.09129313,-0.61593288,-0.20395520,-0.98265660,1.30854571,-0.14735575,1.01373291,0.02766173,0.05091564,0.07415064,-0.93260252,-1.67129505,0.08695380,0.53574395,-0.03775909,0.05479166,-0.03150953
0.11832842,0.31264395,0.68746644,-0.51804159,0.10926622,0.55306015,0.64328708,-1.45485294,0.16258204,-0.11943473,1.03050840,-0.57179648,0.42217138,-0.27751550,0.22068043,-0.51248515,0.54687244,0.37375751,0.46274674,-0.08597592,-0.63548845,-0.20213255,-1.04880202,1.28896308,-0.16702852,0.95948660,0.03374790,0.04507180,0.08423505,-0.97921729,-1.64776170,0.10847954,0.45521161,-0.04552926,0.04852657,-0.03284499
0.11072678,0.33528897,0.68188453,-0.54831178,0.11137503,0.54783605,0.62195294,-1.47389650,0.16085869,-0.15627234,1.00368667,-0.58282810,0.41775334,-0.27258876,0.19966193,-0.52219069,0.52655983,0.38661528,0.46417803,-0.08095970,-0.65625715,-0.19994165,-1.11562276,1.26545477,-0.18825458,0.90530545,0.04069543,0.04003505,0.09477113,-1.02796316,-1.61778235,0.13331626,0.38056922,-0.05411445,0.04292529,-0.03435464
0.10270449,0.35879129,0.68765116,-0.57828535,0.11181738,0.53892074,0.60220210,-1.48969626,0.17378984,-0.19488439,0.96984249,-0.57984191,0.41216576,-0.26028624,0.17308226,-0.53119522,0.50947434,0.39758694,0.46326724,-0.07491252,-0.67278445,-0.20179859,-1.18188918,1.23783469,-0.21123469,0.85210246,0.04850130,0.03612168,0.10547113,-1.07949317,-1.58301866,0.16038050,0.31433675,-0.06338474,0.03857199,-0.03638880
0.09272245,0.38161266,0.68874580,-0.60851347,0.10925055,0.52528849,0.58467741,-1.50561035,0.19459821,-0.23326570,0.93165809,-0.57132673,0.40553123,-0.24683547,0.14331691,-0.53970712,0.49227822,0.40756798,0.45996636,-0.07042791,-0.69038188,-0.20322262,-1.24690974,1.20753515,-0.23542827,0.80123854,0.05712882,0.03392771,0.11631832,-1.13399112,-1.54324567,0.18917042,0.25768092,-0.07314843,0.03540281,-0.03907335
0.08141293,0.40416119,0.68958688,-0.63821712,0.10381919,0.50808420,0.56899115,-1.52137864,0.22444019,-0.27169734,0.88985634,-0.55569416,0.39750478,-0.23228949,0.11090132,-0.54574990,0.47446707,0.41608453,0.45404586,-0.06919277,-0.70684731,-0.20501254,-1.30939686,1.17467046,-0.26081792,0.75340903,0.06651387,0.03368883,0.12698753,-1.19133604,-1.50004971,0.21839398,0.21216774,-0.08315711,0.03369399,-0.04271307
0.06907923,0.42648077,0.69124353,-0.66702139,0.09480769,0.48802487,0.55491053,-1.53672171,0.26380098,-0.31001133,0.84515655,-0.53055376,0.38767177,-0.21646792,0.07650228,-0.54720223,0.45644405,0.42222634,0.44509593,-0.07336261,-0.71857691,-0.20802450,-1.36823714,1.13924730,-0.28740740,0.70864600,0.07658157,0.03531002,0.13710409,-1.25075579,-1.45539641,0.24661858,0.17905997,-0.09311649,0.03372757,-0.04759898
0.05584385,0.44881147,0.69202024,-0.69452752,0.08338976,0.46677921,0.54110520,-1.55326843,0.30957311,-0.34710518,0.79857415,-0.49581409,0.37571087,-0.20010394,0.04102600,-0.54217261,0.43879846,0.42555308,0.43246314,-0.08096609,-0.72304207,-0.21288803,-1.42414296,1.10486639,-0.31338367,0.66671348,0.08725653,0.03863918,0.14701860,-1.31017017,-1.41024113,0.27332184,0.15927067,-0.10269943,0.03576406,-0.05367361
0.04104715,0.46995163,0.69390118,-0.72097810,0.06936717,0.44664978,0.52524542,-1.57268572,0.35700792,-0.38127503,0.75139648,-0.45220098,0.36133650,-0.18225525,0.00560733,-0.52838099,0.42355058,0.42714784,0.41539922,-0.08957700,-0.72266930,-0.22363092,-1.47641659,1.07489228,-0.33721614,0.62743700,0.09841613,0.04356247,0.15685667,-1.36912382,-1.36708903,0.29670185,0.15210374,-0.11163794,0.03951900,-0.06130828
0.02436581,0.48976836,0.68364799,-0.74672469,0.05423331,0.42789160,0.50632970,-1.59585011,0.39894435,-0.41003776,0.70634657,-0.40521348,0.34450752,-0.16728315,-0.02618745,-0.50581414,0.41176200,0.42891282,0.39376828,-0.09977671,-0.72389072,-0.23573515,-1.52379429,1.05174983,-0.35810319,0.59006596,0.10993437,0.04964487,0.16642149,-1.42627192,-1.32574224,0.31661883,0.15610480,-0.11969043,0.04446867,-0.07031942
0.00722992,0.50919080,0.67886990,-0.77054800,0.04005361,0.41206380,0.48461832,-1.62460637,0.43635142,-0.43165696,0.66380894,-0.34892327,0.32490069,-0.15014288,-0.05706331,-0.47094619,0.40639082,0.43294027,0.36772546,-0.10934196,-0.72172421,-0.25100374,-1.56525815,1.03322899,-0.37739119,0.55182117,0.12176418,0.05524952,0.17493863,-1.47970247,-1.28664982,0.33322722,0.16975205,-0.12663804,0.05022356,-0.08035596
-0.00939412,0.52850771,0.67494309,-0.79229690,0.02817634,0.39901069,0.46071921,-1.65870798,0.46555918,-0.44386607,0.62625849,-0.28652820,0.30266583,-0.13321631,-0.08453453,-0.42402726,0.40886024,0.44043922,0.33826056,-0.11823275,-0.71833766,-0.26558208,-1.59636736,1.02036691,-0.39550403,0.51442432,0.13356036,0.06099544,0.18186392,-1.52690446,-1.25043011,0.34673178,0.19212978,-0.13231030,0.05687226,-0.09100610
-0.02531492,0.54754370,0.66441625,-0.81197945,0.01899183,0.38849447,0.43520194,-1.69679773,0.48440588,-0.44508296,0.59676039,-0.22165290,0.27828336,-0.11775403,-0.10684357,-0.36530247,0.42074910,0.45188087,0.30659196,-0.12607010,-0.71309042,-0.27838746,-1.61574316,1.01417756,-0.41213784,0.47916424,0.14497696,0.06729528,0.18694836,-1.56674337,-1.21746278,0.35722440,0.22074191,-0.13670309,0.06385201,-0.10200024
-0.03991946,0.56656486,0.66789657,-0.83041457,0.01267305,0.37875837,0.40840316,-1.73654234,0.49303314,-0.43506062,0.57904881,-0.15784059,0.25273025,-0.10513809,-0.12449016,-0.29510206,0.44260171,0.46718186,0.27400818,-0.13330539,-0.70174563,-0.28754669,-1.62529123,1.01315665,-0.42722151,0.44616115,0.15573287,0.07385062,0.19008374,-1.59739327,-1.18628752,0.36636230,0.25231776,-0.13989937,0.07019551,-0.11260314
-0.05376974,0.58527887,0.66230392,-0.84770376,0.00824916,0.36918304,0.38083352,-1.77298141,0.49569443,-0.41586530,0.57658917,-0.09684007,0.22722819,-0.09691859,-0.13672058,-0.21585695,0.47502577,0.48642343,0.24202561,-0.14180298,-0.68056661,-0.29331648,-1.62896669,1.01444185,-0.44057098,0.41472569,0.16564105,0.07991250,0.19140621,-1.61836886,-1.15598989,0.37528947,0.28381968,-0.14205500,0.07510966,-0.12224340
-0.06648000,0.60316890,0.66085452,-0.86332002,0.00464857,0.36086816,0.35274795,-1.80363250,0.49695271,-0.39187601,0.58934039,-0.03932795,0.20312002,-0.09218916,-0.14346963,-0.13187067,0.51872820,0.51049656,0.21221533,-0.15191694,-0.64928132,-0.29903060,-1.62784529,1.01735735,-0.45187438,0.38488385,0.17449868,0.08516489,0.19113483,-1.62974739,-1.12744725,0.38404796,0.31342414,-0.14336172,0.07845765,-0.13073295
-0.08027568,0.62116551,0.66156650,-0.87872521,0.00146455,0.35133109,0.32311969,-1.81821954,0.49643692,-0.36722884,0.62107420,0.00676670,0.18123090,-0.09870416,-0.13871656,-0.05303768,0.57101488,0.54021245,0.18670043,-0.16570370,-0.61300802,-0.30276266,-1.62286711,1.02345335,-0.46020353,0.35709324,0.18207295,0.08965424,0.18955125,-1.63166153,-1.10116494,0.39255869,0.34120488,-0.14395955,0.08098302,-0.13789028
-0.09455609,0.63864499,0.66609639,-0.89299720,-0.00195122,0.34210642,0.29243014,-1.81964302,0.49576983,-0.34719855,0.66088754,0.04281736,0.16179779,-0.11164188,-0.12634847,0.01513525,0.63068336,0.57604182,0.16680205,-0.18057323,-0.57771230,-0.30841869,-1.61301434,1.03415143,-0.46532014,0.33147648,0.18816136,0.09329146,0.18682303,-1.62646079,-1.07816255,0.39996460,0.36637953,-0.14408487,0.08293823,-0.14393085
-0.10899987,0.65534377,0.66193080,-0.90571297,-0.00642392,0.33378475,0.26120968,-1.80803442,0.49663195,-0.33355343,0.69865066,0.06980458,0.14473228,-0.12817524,-0.11097830,0.06862138,0.69387555,0.61655307,0.15313827,-0.19498292,-0.54506123,-0.31958610,-1.59833622,1.04851127,-0.46781042,0.30789462,0.19263095,0.09581972,0.18294717,-1.61938524,-1.05925965,0.40489066,0.38686308,-0.14407957,0.08385084,-0.14937165
-0.12245183,0.67332822,0.65789264,-0.91691195,-0.01026401,0.32478405,0.23169474,-1.78281188,0.50045890,-0.32450095,0.72824907,0.08820364,0.12999241,-0.15002750,-0.09874558,0.10717845,0.75331014,0.65811163,0.14551859,-0.20766467,-0.50630039,-0.33267605,-1.58113921,1.06452227,-0.46816766,0.28570634,0.19547370,0.09675910,0.17809942,-1.60947967,-1.04341316,0.40865195,0.40283105,-0.14409102,0.08405653,-0.15381512
-0.13540110,0.69048816,0.64825511,-0.92711455,-0.01407886,0.31529937,0.20210566,-1.74792039,0.50727230,-0.31740716,0.74658173,0.09922253,0.11787062,-0.17884846,-0.09113561,0.13046734,0.80191648,0.69490403,0.14351775,-0.21719606,-0.46731547,-0.34652233,-1.56194699,1.08295739,-0.46592942,0.26576725,0.19666937,0.09654431,0.17273095,-1.59706485,-1.02873886,0.41272458,0.41366729,-0.14430666,0.08328661,-0.15701018
-0.14718221,0.70719033,0.64401186,-0.93642542,-0.01809397,0.30456331,0.17326636,-1.70648837,0.51898795,-0.31044421,0.75441313,0.10470382,0.10874005,-0.21475260,-0.08971478,0.14041249,0.83363390,0.71961683,0.14637981,-0.22448136,-0.42717031,-0.35687372,-1.54166472,1.10330427,-0.46121272,0.24877027,0.19622368,0.09553701,0.16703241,-1.58024144,-1.01280224,0.41942179,0.41976389,-0.14481565,0.08157039,-0.15853481
-0.15872228,0.72158670,0.64158481,-0.94434354,-0.02446872,0.29459759,0.14432195,-1.66023707,0.53719521,-0.30232599,0.75387001,0.10628699,0.10284407,-0.25598902,-0.09432157,0.13844430,0.84794945,0.73046851,0.15336546,-0.23084471,-0.38738438,-0.36516443,-1.52118015,1.12681210,-0.45309719,0.23644947,0.19414677,0.09479802,0.16143192,-1.56013918,-0.99648649,0.42832622,0.42312902,-0.14566012,0.07976567,-0.15896001
-0.16941056,0.73520929,0.64272648,-0.95055037,-0.03372827,0.28563417,0.11717299,-1.60739326,0.56390238,-0.29267526,0.74866128,0.10533356,0.10018703,-0.30201709,-0.10532106,0.12683597,0.84790611,0.73092991,0.16361360,-0.23818956,-0.34126386,-0.36942941,-1.50149548,1.15118456,-0.44276884,0.22872972,0.19059846,0.09434719,0.15582788,-1.53757274,-0.97981262,0.43915036,0.42599359,-0.14681265,0.07870378,-0.15880927
-0.18045199,0.74722028,0.64207369,-0.95476603,-0.04575699,0.27926392,0.09132244,-1.54709256,0.59675628,-0.28090909,0.74119097,0.10283864,0.10044238,-0.35193709,-0.12201115,0.10738678,0.83690494,0.72358298,0.17614120,-0.24437162,-0.29054588,-0.37483832,-1.48402929,1.17501354,-0.43093231,0.22443789,0.18589686,0.09379977,0.15038763,-1.51756263,-0.96212274,0.45049295,0.42846560,-0.14835404,0.07815055,-0.15902981
-0.19148296,0.75843585,0.63999254,-0.95741209,-0.05939259,0.27450637,0.06693921,-1.47950006,0.63213682,-0.26695552,0.73310685,0.09972281,0.10303813,-0.40617347,-0.14354968,0.08219419,0.81683320,0.70923084,0.18978703,-0.24819650,-0.24035034,-0.38244915,-1.46887946,1.19685268,-0.41879699,0.22233249,0.18035954,0.09277767,0.14506416,-1.50457191,-0.94236070,0.46141630,0.43042600,-0.15029781,0.07773082,-0.16023690
-0.20192520,0.76917785,0.63605213,-0.95903538,-0.07322210,0.27004107,0.04435645,-1.40585601,0.66581434,-0.25107059,0.72524059,0.09698416,0.10728312,-0.46655774,-0.16983242,0.05378514,0.78955126,0.68790978,0.20340389,-0.24896598,-0.19443259,-0.39069691,-1.45588744,1.21661496,-0.40690565,0.22169703,0.17426586,0.09128534,0.13988389,-1.49989235,-0.92070764,0.47154573,0.43239260,-0.15253626,0.07740096,-0.16262875
-0.21126066,0.77921593,0.63273358,-0.96012897,-0.08678068,0.26467446,0.02385177,-1.32743776,0.69366521,-0.23325372,0.71805954,0.09537935,0.11233946,-0.53462011,-0.20071431,0.02449050,0.75668830,0.65990412,0.21594556,-0.24611521,-0.15361752,-0.39734960,-1.44533658,1.23520017,-0.39502999,0.22205219,0.16786546,0.08954470,0.13499734,-1.50188541,-0.89846027,0.48096290,0.43545720,-0.15486933,0.07744256,-0.16605613
-0.21989101,0.78840160,0.63049418,-0.96069828,-0.10004129,0.25887891,0.00568031,-1.24484634,0.71334714,-0.21346186,0.71205157,0.09537210,0.11751695,-0.61078084,-0.23572609,-0.00386787,0.72017813,0.62608474,0.22655612,-0.23938063,-0.11592047,-0.40324730,-1.43778944,1.25361490,-0.38270473,0.22282608,0.16136019,0.08775240,0.13050646,-1.50942862,-0.87742287,0.48933572,0.43997413,-0.15715221,0.07786801,-0.17049070
-0.22754034,0.79719311,0.62879425,0.96079539,0.11323267,-0.25288486,0.00999104,-1.15856647,0.72460032,-0.19167720,0.70733225,0.09697820,0.12237635,-0.69497234,-0.27413636,-0.02975634,0.68111461,0.58743638,0.23447005,-0.22956187,-0.08017159,-0.40771645,-1.43313217,1.27193820,-0.37008846,0.22332999,0.15487173,0.08598398,0.12620261,-1.52216911,-0.85819381,0.49647757,0.44573724,-0.15927555,0.07843330,-0.17584011
-0.23397067,0.80525929,0.62675405,0.96025901,0.12682382,-0.24746660,0.02405495,-1.07052636,0.72811103,-0.16800435,0.70316094,0.09985155,0.12680683,-0.78613752,-0.31400648,-0.05264615,0.64068490,0.54480475,0.23917848,-0.21737638,-0.04877881,-0.41046464,-1.43079090,1.29104316,-0.35699138,0.22308180,0.14847496,0.08441602,0.12194053,-1.53862405,-0.84080726,0.50265390,0.45264801,-0.16110808,0.07895083,-0.18180045
-0.23964904,0.81315970,0.62988245,0.95891998,0.14067376,-0.24357605,0.03679779,-0.98114449,0.72557849,-0.14238469,0.69988489,0.10358743,0.13098381,-0.88257366,-0.35319522,-0.07239731,0.59996444,0.49853802,0.24032928,-0.20408998,-0.02161466,-0.41297844,-1.43026114,1.31123662,-0.34344774,0.22128107,0.14220744,0.08297696,0.11749328,-1.55826426,-0.82554096,0.50773627,0.46025544,-0.16257726,0.07915466,-0.18821947
-0.24434936,0.82127273,0.62983590,0.95674248,0.15450159,-0.24166473,0.04869543,-0.89208013,0.71874452,-0.11478766,0.69753158,0.10772776,0.13526478,-0.98299152,-0.39012349,-0.08861815,0.55967414,0.44857198,0.23776855,-0.19093324,0.00106623,-0.41406003,-1.43093598,1.33293498,-0.32933265,0.21749829,0.13604052,0.08170675,0.11265732,-1.57984352,-0.81267494,0.51173109,0.46858951,-0.16358699,0.07906035,-0.19483097
-0.24806340,0.83001363,0.63178205,0.95378430,0.16764227,-0.24192512,0.06052940,-0.80464458,0.70876706,-0.08524747,0.69609123,0.11178006,0.14002624,-1.08553481,-0.42359537,-0.10068695,0.52097458,0.39480683,0.23158467,-0.17837027,0.01993375,-0.41305172,-1.43232942,1.35666072,-0.31428441,0.21132612,0.12992743,0.08055902,0.10737279,-1.60151660,-0.80243844,0.51473445,0.47784421,-0.16404895,0.07879409,-0.20134762
-0.25065801,0.83939600,0.63443875,0.95023144,0.17936422,-0.24405475,0.07297924,-0.72031462,0.69690925,-0.05455999,0.69564533,0.11518509,0.14562953,-1.18858886,-0.45378384,-0.10729532,0.48527250,0.33718851,0.22197440,-0.16620971,0.03489852,-0.40834191,-1.43385303,1.38277006,-0.29799229,0.20239946,0.12380949,0.07937990,0.10164383,-1.62138820,-0.79439110,0.51709151,0.48800373,-0.16390674,0.07837310,-0.20743687
-0.25209582,0.84965259,0.63398135,0.94621746,0.18897511,-0.24792316,0.08657388,-0.64013600,0.68429017,-0.02405662,0.69656926,0.11748837,0.15229228,-1.29034746,-0.48047924,-0.10712074,0.45476717,0.27672645,0.20920104,-0.15423253,0.04571390,-0.39894119,-1.43452382,1.41120911,-0.28050336,0.19034731,0.11762619,0.07785998,0.09545986,-1.63849092,-0.78808045,0.51886630,0.49907303,-0.16313806,0.07787074,-0.21290275
-0.25261787,0.86124933,0.63678044,0.94159055,0.19669587,-0.25375076,0.10162938,-0.56329858,0.67228389,0.00426381,0.69962966,0.11833130,0.16003384,-1.38968718,-0.50327587,-0.09953278,0.43128952,0.21497926,0.19378476,-0.14329460,0.05330998,-0.38546193,-1.43281329,1.44140863,-0.26236856,0.17473032,0.11129635,0.07550440,0.08870354,-1.65247595,-0.78367704,0.51979262,0.51082939,-0.16177623,0.07731394,-0.21772164
-0.25195631,0.87352669,0.64187872,0.93621402,0.20294620,-0.26112632,0.11886632,-0.48992601,0.66147900,0.02844081,0.70565170,0.11754555,0.16873731,-1.48471236,-0.52161056,-0.08452664,0.41714057,0.15421182,0.17615524,-0.13363589,0.05673849,-0.36817235,-1.42722261,1.47329664,-0.24373648,0.15639122,0.10470051,0.07236981,0.08139300,-1.66299486,-0.78107953,0.51987934,0.52281797,-0.15989165,0.07663082,-0.22179504
-0.25122324,0.88719904,0.64502126,0.92999134,0.20716350,-0.27092757,0.13710449,-0.42048252,0.65035415,0.04786877,0.71603942,0.11531517,0.17797908,-1.57405472,-0.53481001,-0.06288216,0.41367570,0.09648827,0.15675533,-0.12570362,0.06114599,-0.34866613,-1.41677904,1.50643981,-0.22479771,0.13688958,0.09772154,0.06876871,0.07356919,-1.67022419,-0.78147030,0.51847529,0.53428173,-0.15762369,0.07568400,-0.22534367
-0.25003782,0.90172064,0.64689946,0.92298713,0.20980170,-0.28187094,0.15692923,-0.35648182,0.63892019,0.06173637,0.73144495,0.11197936,0.18724969,-1.65655291,-0.54384798,-0.03552507,0.42086610,0.04311837,0.13585328,-0.11826345,0.06524337,-0.32618007,-1.40022790,1.54085779,-0.20571111,0.11853119,0.09031262,0.06534749,0.06538456,-1.67309451,-0.78482878,0.51574486,0.54505885,-0.15504487,0.07454555,-0.22825873
-0.24803843,0.91645920,0.64738154,0.91521557,0.21186426,-0.29257721,0.17858494,-0.29990211,0.62674016,0.07054282,0.75247955,0.10803960,0.19583353,-1.73196089,-0.54912847,-0.00432795,0.43720105,-0.00615852,0.11364845,-0.11074504,0.06699076,-0.29938516,-1.37641358,1.57565057,-0.18724406,0.10263191,0.08251319,0.06223324,0.05687782,-1.67145813,-0.79102743,0.51169235,0.55499518,-0.15223864,0.07328579,-0.23052448
-0.24590041,0.93188429,0.64657742,0.90663690,0.21375341,-0.30309880,0.20112219,-0.25188237,0.61244231,0.07620088,0.77989221,0.10420294,0.20297025,-1.79979670,-0.55039221,0.02836715,0.45985746,-0.05265272,0.09041521,-0.10300469,0.06798331,-0.26962367,-1.34567547,1.61011434,-0.16961782,0.08966094,0.07443570,0.05919102,0.04827979,-1.66534865,-0.80115002,0.50577843,0.56444311,-0.14926225,0.07226189,-0.23233600
-0.24366207,0.94765747,0.64475179,0.89706436,0.21553615,-0.31388292,0.22427042,-0.21260965,0.59463310,0.08084419,0.81428158,0.10099281,0.20802216,-1.85941541,-0.54729795,0.05999539,0.48589155,-0.09802664,0.06659292,-0.09424860,0.06992784,-0.23931515,-1.30952847,1.64432585,-0.15227555,0.08089276,0.06618613,0.05648383,0.03998412,-1.65420604,-0.81543028,0.49813676,0.57339209,-0.14618780,0.07157099,-0.23369846
-0.24151643,0.96375132,0.64190298,0.88631440,0.21729334,-0.32537065,0.24771824,-0.18152593,0.57322401,0.08573004,0.85534990,0.09868976,0.21061866,-1.90960550,-0.54014850,0.08872913,0.51191109,-0.14341120,0.04270691,-0.08396041,0.07475141,-0.21056738,-1.26957119,1.67806554,-0.13502651,0.07821193,0.05787849,0.05476838,0.03222608,-1.63726795,-0.83359140,0.48919517,0.58168626,-0.14307913,0.07116920,-0.23452729
-0.23968451,0.97962224,0.63812768,0.87398696,0.21932963,-0.33763313,0.27211245,-0.15867595,0.54926544,0.09157830,0.90071493,0.09710040,0.21064174,-1.94827914,-0.52996838,0.11366612,0.53540653,-0.18923032,0.01930166,-0.07168463,0.08192609,-0.18469092,-1.22719955,1.71020889,-0.11824179,0.08293243,0.04969561,0.05453315,0.02510975,-1.61434352,-0.85451126,0.47959206,0.58893865,-0.13999525,0.07083255,-0.23465192
-0.23739758,0.99470407,0.63396472,0.86005968,0.22278173,-0.34939096,0.29764341,-0.14444055,0.52309358,0.09986343,0.94578618,0.09564232,0.20787501,-1.97538340,-0.51741087,0.13447838,0.55543900,-0.23552886,-0.00310868,-0.05812468,0.09274571,-0.15866178,-1.18339741,1.73831320,-0.10287886,0.09518042,0.04185942,0.05580650,0.01858604,-1.58475697,-0.87771755,0.46969157,0.59552169,-0.13690963,0.07069464,-0.23393172
-0.23517819,1.00999451,0.64353788,0.84533847,0.22696836,-0.36067182,0.32218639,-0.13832609,0.49363682,0.11274661,0.98466849,0.09359912,0.20198824,-1.99244833,-0.50239223,0.15106468,0.57320803,-0.28229353,-0.02396030,-0.04473513,0.11645422,-0.13035500,-1.13997841,1.76044464,-0.08916711,0.11335090,0.03460418,0.05789964,0.01282017,-1.54701793,-0.90365660,0.45950919,0.60265160,-0.13370970,0.07129520,-0.23232594
-0.23493513,1.02579558,0.64784819,0.83037224,0.22992553,-0.37261326,0.34463830,-0.14087549,0.46042892,0.13096827,1.01311266,0.09036624,0.19289349,-1.99850595,-0.48672226,0.16431214,0.59202766,-0.32955161,-0.04302097,-0.03027179,0.15387419,-0.10241678,-1.09921515,1.77648759,-0.07611872,0.13547628,0.02812571,0.06008583,0.00828496,-1.50210118,-0.93187106,0.44893679,0.61110801,-0.13029583,0.07291472,-0.22978233
-0.23292352,1.04126835,0.66589922,0.81198900,0.23270794,-0.38415569,0.37275365,-0.14318649,0.43238145,0.14709814,1.02788937,0.08592340,0.18110520,-1.99423337,-0.47315049,0.17601664,0.61186844,-0.36568379,-0.06009940,-0.01515055,0.17809737,-0.08364180,-1.06024969,1.78460026,-0.06476524,0.16068472,0.02248099,0.06226555,0.00468593,-1.45432603,-0.96078134,0.43776473,0.62006855,-0.12668481,0.07497817,-0.22637677
-0.23186706,1.05825686,0.67679644,0.79342562,0.23420544,-0.39524431,0.39925621,-0.14878988,0.40380254,0.16510099,1.02788937,0.08065882,0.16643073,-1.98127282,-0.45997009,0.18387866,0.63553452,-0.39731136,-0.07561597,-0.00024007,0.20560960,-0.06748922,-1.02486396,1.78542233,-0.05395661,0.18656421,0.01774016,0.06359275,0.00239108,-1.40180969,-0.99059421,0.42618504,0.63165516,-0.12265472,0.07840444,-0.22190954
-0.23077399,1.07542634,0.68568569,0.77618258,0.23630205,-0.40421861,0.42226681,-0.16307659,0.36951444,0.18810478,1.01390052,0.07479395,0.14884456,-1.95282650,-0.44748306,0.18537679,0.66971999,-0.43680859,-0.09036344,0.01612074,0.23051187,-0.05390956,-0.99310440,1.77910721,-0.04341038,0.21238966,0.01389147,0.06408518,0.00141424,-1.35020065,-1.02052724,0.41348857,0.64449394,-0.11831566,0.08241282,-0.21669081
-0.23003702,1.09169495,0.67777061,0.75936145,0.24028340,-0.41217077,0.44243568,-0.18609509,0.32926652,0.21516259,0.98772097,0.06864638,0.12861909,-1.91729200,-0.43544909,0.18351586,0.70576775,-0.48737645,-0.10498948,0.03625619,0.25114599,-0.04147048,-0.96461976,1.76635659,-0.03289212,0.23770075,0.01088159,0.06386828,0.00170291,-1.30199337,-1.04952359,0.39974651,0.65764809,-0.11373211,0.08641049,-0.21076220
-0.22984535,1.10816526,0.67342162,0.74149159,0.24386033,-0.42098677,0.46205249,-0.21115954,0.28728747,0.24186748,0.95169401,0.06270593,0.10628838,-1.88000107,-0.42037445,0.17747359,0.73478216,-0.53823459,-0.11934708,0.05646550,0.26251498,-0.04057116,-0.93920213,1.74874794,-0.02163450,0.26258385,0.00864857,0.06331025,0.00336569,-1.25881064,-1.07933760,0.38410977,0.67013949,-0.10902577,0.08987591,-0.20466685
-0.22868915,1.12483644,0.67637217,0.72299793,0.24925461,-0.42928293,0.48048132,-0.23873447,0.24481502,0.26759309,0.90476239,0.05664046,0.08216766,-1.84331870,-0.40028539,0.16645706,0.75518650,-0.58169365,-0.13361752,0.07307269,0.26615652,-0.04426511,-0.91490817,1.72508419,-0.01104129,0.28660619,0.00705165,0.06244137,0.00579904,-1.22025156,-1.10964429,0.36697546,0.68129200,-0.10425223,0.09235971,-0.19837974
-0.22635359,1.14057255,0.67349893,0.70396433,0.25736259,-0.43618101,0.49794061,-0.27150133,0.20174928,0.29305351,0.84599125,0.05047221,0.05648424,-1.81009805,-0.37504262,0.15059391,0.77015024,-0.61596304,-0.14809208,0.08713444,0.26725414,-0.04489183,-0.89085895,1.69586790,-0.00178796,0.30903310,0.00597475,0.06108081,0.00866946,-1.18675673,-1.13927674,0.34877467,0.68997461,-0.09949098,0.09316009,-0.19179678
-0.22342210,1.15569580,0.67274559,0.68464477,0.26740287,-0.44214765,0.51406487,-0.30817783,0.15866870,0.31794596,0.77600241,0.04443495,0.02960389,-1.78194106,-0.34700769,0.13161783,0.78389889,-0.63944948,-0.16292793,0.09914114,0.27243793,-0.03982622,-0.86685294,1.66256714,0.00582251,0.32870266,0.00532290,0.05876763,0.01176760,-1.15787899,-1.16725183,0.32989851,0.69531631,-0.09479208,0.09167778,-0.18480071
-0.22063518,1.17042601,0.67428213,0.66479290,0.27706682,-0.44849803,0.52927676,-0.34472117,0.11556100,0.34193778,0.69781542,0.03880332,0.00210133,-1.75809121,-0.32014707,0.11150475,0.79850978,-0.65109181,-0.17828308,0.10914569,0.28850698,-0.03133762,-0.84325618,1.62740493,0.01211542,0.34469008,0.00502814,0.05509084,0.01503058,-1.13151908,-1.19224632,0.31105754,0.69718063,-0.09013138,0.08762345,-0.17711867
-0.21776004,1.18521893,0.67711484,0.64413598,0.28469920,-0.45521032,0.54481077,-0.37717229,0.07378993,0.36419377,0.61652458,0.03346688,-0.02510938,-1.73684502,-0.29760584,0.09087723,0.81371307,-0.65025496,-0.19402191,0.11602820,0.31640893,-0.02150954,-0.81946272,1.59112775,0.01678015,0.35693780,0.00502853,0.05002237,0.01820546,-1.10373116,-1.21386957,0.29274675,0.69761145,-0.08533672,0.08175936,-0.16843881
-0.21480082,1.20069313,0.68098104,0.62377662,0.29016717,-0.46133856,0.56024322,-0.40521353,0.03444942,0.38508177,0.53616673,0.02772222,-0.05112121,-1.71631777,-0.27960369,0.06947128,0.82872379,-0.64071476,-0.20996411,0.11765526,0.35261959,-0.00916047,-0.79396474,1.55281413,0.01871514,0.36627200,0.00523285,0.04391946,0.02083644,-1.07095861,-1.23335850,0.27468628,0.70022976,-0.08018155,0.07563013,-0.15867701
-0.21017942,1.21618402,0.68301547,0.60132315,0.29434540,-0.46620969,0.57829039,-0.42740586,0.00087629,0.40305459,0.46060482,0.02146793,-0.07481754,-1.69349420,-0.26665413,0.04795605,0.84099770,-0.62696624,-0.22582842,0.11342286,0.38169554,0.00431771,-0.76449251,1.51086712,0.01665054,0.37501532,0.00557833,0.03780987,0.02244791,-1.03328884,-1.25259495,0.25594425,0.70711714,-0.07461023,0.07000668,-0.14818056
-0.20659430,1.23237407,0.68779725,0.57892634,0.29604871,-0.47089091,0.59620568,-0.44302046,-0.02585037,0.41743484,0.39312851,0.01531806,-0.09532292,-1.66791356,-0.25611055,0.02595658,0.84963447,-0.61206663,-0.24128726,0.10265470,0.40682703,0.01509660,-0.73210818,1.46757782,0.01170536,0.38455862,0.00605602,0.03212250,0.02339188,-0.98983586,-1.27132893,0.23664342,0.72021258,-0.06860111,0.06558323,-0.13703410
-0.20307349,1.24833095,0.69182444,0.55598983,0.29766283,-0.47493426,0.61376673,-0.45392007,-0.04467735,0.42817390,0.33461311,0.00955383,-0.11208569,-1.64178216,-0.24607427,0.00272752,0.85530758,-0.59552300,-0.25602397,0.08510104,0.42517552,0.02745881,-0.69644272,1.42129672,0.00285370,0.39608938,0.00661610,0.02710091,0.02326919,-0.94169039,-1.28789937,0.21734497,0.73955572,-0.06226418,0.06212300,-0.12528506
-0.20070109,1.26360321,0.69609302,0.53410162,0.29975927,-0.47832432,0.62935338,-0.46223181,-0.05746286,0.43633622,0.28496578,0.00428160,-0.12516294,-1.61725974,-0.23478229,-0.02273693,0.85841358,-0.57714194,-0.26966965,0.06257543,0.44358897,0.04322431,-0.65908861,1.37306106,-0.00879300,0.41090000,0.00723937,0.02296985,0.02241678,-0.88831329,-1.29834986,0.19955456,0.76481926,-0.05571906,0.05927579,-0.11265296
-0.19847392,1.27786577,0.69734406,0.51195318,0.30281589,-0.48069688,0.64431125,-0.46916607,-0.06366247,0.44183707,0.24385759,-0.00039606,-0.13477145,-1.59419763,-0.22364974,-0.04977786,0.85860491,-0.55693579,-0.28184542,0.03870770,0.46015868,0.06306582,-0.61981082,1.32296419,-0.02253449,0.43080214,0.00788515,0.02019768,0.02100265,-0.83038890,-1.29975271,0.18407333,0.79529577,-0.04913063,0.05663545,-0.09917580
-0.19630490,1.29184532,0.70033795,0.49003905,0.30684428,-0.48201763,0.65830640,-0.47510782,-0.06342275,0.44466186,0.21101148,-0.00545000,-0.14127798,-1.57251799,-0.21220973,-0.07827663,0.85589170,-0.53674102,-0.29223314,0.01507292,0.47484487,0.08530784,-0.57942700,1.27187788,-0.03680985,0.45662013,0.00852020,0.01876508,0.01949533,-0.76927942,-1.29128206,0.17082843,0.83047813,-0.04266459,0.05408285,-0.08519933
-0.19352365,1.30530727,0.70372540,0.46743088,0.31221130,-0.48220700,0.67194411,-0.48006466,-0.05696942,0.44518971,0.18598557,-0.01005760,-0.14512092,-1.55010009,-0.20061056,-0.10806482,0.85050374,-0.51557297,-0.30051419,-0.00889493,0.48287907,0.10622783,-0.53877109,1.22031748,-0.05040009,0.48863485,0.00910466,0.01843875,0.01822096,-0.70804405,-1.27575755,0.15848182,0.86952239,-0.03650111,0.05150214,-0.07154913
-0.19156970,1.31812906,0.70372075,0.44466272,0.31714622,-0.48264423,0.68465165,-0.48454964,-0.04580512,0.44434869,0.16802815,-0.01449623,-0.14686021,-1.52725077,-0.18818097,-0.13880897,0.84210783,-0.49480313,-0.30652761,-0.03326222,0.48893294,0.12329151,-0.49991310,1.16999722,-0.06160097,0.52618045,0.00960684,0.01859066,0.01766888,-0.64857590,-1.25555694,0.14622502,0.91177475,-0.03075832,0.04899046,-0.05870533
-0.19014680,1.33040345,0.70556849,0.42241790,0.32174640,-0.48308687,0.69618205,-0.48866609,-0.03058163,0.44261119,0.15565124,-0.01938067,-0.14690998,-1.50424755,-0.17514533,-0.17016485,0.83151454,-0.47487229,-0.31023732,-0.05878821,0.49119574,0.13598183,-0.46392882,1.12037706,-0.07004556,0.56891918,0.00998427,0.01889715,0.01784777,-0.59247035,-1.23332310,0.13342102,0.95620543,-0.02553263,0.04652633,-0.04705431
-0.18955705,1.34232283,0.70710331,0.40142028,0.32549195,-0.48349894,0.70650232,-0.49334526,-0.01280240,0.44050395,0.14732316,-0.02535732,-0.14575492,-1.48237979,-0.16256127,-0.20155019,0.81949556,-0.45618007,-0.31177709,-0.08516911,0.49089289,0.14636667,-0.43143719,1.07071817,-0.07577278,0.61642569,0.01019631,0.01914703,0.01860680,-0.54027063,-1.21045804,0.11992239,1.00198925,-0.02087392,0.04423402,-0.03672810
-0.18939038,1.35411692,0.70920807,0.38163936,0.32817143,-0.48327719,0.71630864,-0.49860084,0.00537600,0.43870991,0.14240988,-0.03303454,-0.14399821,-1.46238601,-0.15264358,-0.23219226,0.80641800,-0.43934360,-0.31135648,-0.11074848,0.48800826,0.15602736,-0.40184531,1.02049720,-0.07901562,0.66893238,0.01021613,0.01963554,0.01971814,-0.49238628,-1.18764460,0.10581420,1.04788637,-0.01680733,0.04203745,-0.02775026
-0.19000915,1.36543918,0.70944262,0.36322409,0.33043770,-0.48242455,0.72535904,-0.50553858,0.02276476,0.43832609,0.14030345,-0.04299770,-0.14210384,-1.44586313,-0.14518368,-0.26421088,0.79816896,-0.42201012,-0.30935049,-0.13470949,0.48282796,0.16841280,-0.37519249,0.96867990,-0.08035031,0.72557640,0.01001210,0.02028698,0.02084498,-0.44940725,-1.16615224,0.09098962,1.09283042,-0.01334121,0.03994058,-0.02027974
-0.19143160,1.37658930,0.70920938,0.34602366,0.33227780,-0.48061683,0.73407531,-0.51236594,0.03864604,0.44076273,0.14163943,-0.05635627,-0.14026941,-1.43204868,-0.14077608,-0.29772347,0.79535848,-0.40417892,-0.30585393,-0.15674530,0.47426069,0.18296698,-0.35081753,0.91559350,-0.07991450,0.78551698,0.00959662,0.02120589,0.02186186,-0.41158974,-1.14753592,0.07539008,1.13581228,-0.01046551,0.03794144,-0.01447780
-0.19231263,1.38756323,0.70854616,0.32843683,0.33383807,-0.47701808,0.74373056,-0.51396650,0.05348147,0.44770357,0.14783816,-0.07507538,-0.13834761,-1.41769290,-0.14119901,-0.32997450,0.79058093,-0.38913476,-0.30078286,-0.17818326,0.46007174,0.19589649,-0.32738516,0.86245388,-0.07774353,0.84752291,0.00899188,0.02244636,0.02273266,-0.37831551,-1.13306630,0.05916407,1.17612576,-0.00814846,0.03614336,-0.01037867
-0.19348158,1.39824271,0.70902735,0.31199147,0.33424153,-0.47324396,0.75298345,-0.51222920,0.06867368,0.45815903,0.15610057,-0.10014981,-0.13624625,-1.40260410,-0.14394331,-0.36187154,0.78435695,-0.37652498,-0.29443845,-0.20014943,0.44272497,0.20716521,-0.30503818,0.80914348,-0.07435767,0.90903878,0.00823938,0.02348612,0.02328299,-0.34887081,-1.12224495,0.04285648,1.21308219,-0.00633318,0.03460311,-0.00770007
-0.19454262,1.40842104,0.71069115,0.29642206,0.33326578,-0.46960213,0.76193288,-0.50790495,0.08471034,0.47013000,0.16472630,-0.13086630,-0.13407382,-1.38417351,-0.14920665,-0.39297992,0.77623659,-0.36287814,-0.28708300,-0.22206025,0.42140415,0.21432745,-0.28228432,0.75576770,-0.07022952,0.96830869,0.00738523,0.02426070,0.02341600,-0.32301977,-1.11506128,0.02687371,1.24566936,-0.00496243,0.03314028,-0.00622169
-0.19554605,1.41803575,0.71125805,0.28231650,0.33148262,-0.46543365,0.77057653,-0.50264275,0.10082053,0.48243865,0.17215857,-0.16583265,-0.13198017,-1.36300468,-0.15712309,-0.42230338,0.76456404,-0.34903085,-0.27911109,-0.24149233,0.39717585,0.21880285,-0.25840279,0.70205277,-0.06606517,1.02337682,0.00648119,0.02461831,0.02296085,-0.30101159,-1.11021590,0.01177583,1.27273786,-0.00396585,0.03142106,-0.00550441
-0.19682761,1.42756104,0.71387959,0.26965793,0.32852264,-0.46205707,0.77837056,-0.49768394,0.11633192,0.49266553,0.17924447,-0.19867541,-0.12997434,-1.34023321,-0.16476911,-0.45046166,0.75102669,-0.33495039,-0.27096111,-0.25889558,0.37251273,0.21990699,-0.23409361,0.64896166,-0.06226816,1.07155704,0.00559496,0.02399017,0.02200177,-0.28239569,-1.10786843,-0.00229788,1.29415703,-0.00328809,0.02951997,-0.00544351
-0.19811063,1.43604028,0.71530205,0.25828262,0.32502911,-0.45932553,0.78528099,-0.49240756,0.13147196,0.49934149,0.18642324,-0.22659567,-0.12797095,-1.31609857,-0.17186075,-0.47702250,0.73564184,-0.31950516,-0.26299253,-0.27421963,0.34692171,0.21839622,-0.20956531,0.59738445,-0.05926136,1.11162698,0.00477692,0.02243151,0.02064226,-0.26690128,-1.10775435,-0.01522528,1.30951607,-0.00287585,0.02728000,-0.00590044
-0.19951351,1.44452322,0.71926254,0.24735392,0.32020472,-0.45736886,0.79189564,-0.48671269,0.14559564,0.50196058,0.19422914,-0.24716818,-0.12582652,-1.29119301,-0.17739971,-0.50197685,0.71802086,-0.30397698,-0.25542241,-0.28744641,0.32047254,0.21371189,-0.18435690,0.54852098,-0.05729037,1.14313853,0.00406998,0.02020638,0.01912142,-0.25395551,-1.10960186,-0.02698217,1.31877077,-0.00268301,0.02463531,-0.00678324
-0.20072953,1.45289838,0.72168010,0.23679878,0.31488694,-0.45527699,0.79843310,-0.48076722,0.15822721,0.50112522,0.20230985,-0.26041421,-0.12337518,-1.26488781,-0.18248753,-0.52495402,0.69794422,-0.28840128,-0.24835604,-0.29806301,0.29280826,0.20734152,-0.15814020,0.50234526,-0.05679444,1.16605306,0.00350410,0.01759255,0.01750836,-0.24309929,-1.11269343,-0.03756132,1.32197273,-0.00266054,0.02148837,-0.00797655
-0.20204145,1.46066332,0.72346276,0.22784957,0.30913389,-0.45227509,0.80496463,-0.47502354,0.16856632,0.49809220,0.21067068,-0.26683256,-0.12041964,-1.23613656,-0.18809211,-0.54617757,0.67639673,-0.27159375,-0.24179201,-0.30576566,0.26511657,0.19956161,-0.13017341,0.45923713,-0.05800094,1.18082416,0.00310612,0.01492776,0.01597600,-0.23360161,-1.11621630,-0.04698921,1.31957543,-0.00277313,0.01788036,-0.00934236
-0.20350601,1.46747732,0.72621351,0.21910491,0.30275110,-0.44850221,0.81189936,-0.46988186,0.17656377,0.49442032,0.21892735,-0.26832128,-0.11672386,-1.20653868,-0.19453566,-0.56627864,0.65300679,-0.25512391,-0.23565741,-0.31066471,0.23721389,0.19155565,-0.10086723,0.41894171,-0.06117320,1.18782902,0.00289816,0.01234722,0.01459014,-0.22488113,-1.11951685,-0.05534209,1.31223035,-0.00298095,0.01389653,-0.01076979
-0.20484658,1.47412753,0.73025578,0.21097636,0.29577237,-0.44376349,0.81919573,-0.46482888,0.18254921,0.49118379,0.22752564,-0.26580140,-0.11206543,-1.17569876,-0.20166725,-0.58582157,0.62840980,-0.23913401,-0.22984259,-0.31293789,0.21022858,0.18218359,-0.07066752,0.38135347,-0.06646508,1.18742251,0.00288179,0.00984712,0.01343152,-0.21650445,-1.12184644,-0.06268808,1.30056250,-0.00325571,0.00956450,-0.01213378
-0.20609191,1.48044860,0.73528087,0.20365305,0.28828684,-0.43815699,0.82670103,-0.45906243,0.18785278,0.48947150,0.23683245,-0.26161855,-0.10625772,-1.14274967,-0.20933330,-0.60527265,0.60328162,-0.22269434,-0.22420757,-0.31359780,0.18416856,0.17031635,-0.03974660,0.34629679,-0.07400956,1.18018115,0.00310539,0.00747313,0.01252185,-0.20764396,-1.12294114,-0.06916361,1.28561628,-0.00357209,0.00510482,-0.01339688
-0.20737551,1.48689020,0.73844469,0.19503583,0.28009528,-0.43319334,0.83417695,-0.45276460,0.19300584,0.49006256,0.24790131,-0.25538787,-0.09924316,-1.10810995,-0.21659499,-0.62530053,0.57846397,-0.20588890,-0.21861626,-0.31379071,0.15965235,0.15549546,-0.00800494,0.31417274,-0.08374387,1.16700530,0.00356880,0.00538520,0.01196150,-0.19747294,-1.12287581,-0.07492882,1.26848125,-0.00390685,0.00076064,-0.01455983
-0.20828389,1.49327314,0.74141610,0.18650906,0.27143925,-0.42784589,0.84171432,-0.44590172,0.19855031,0.49410820,0.26157001,-0.24856699,-0.09102777,-1.07164121,-0.22420274,-0.64532375,0.55357683,-0.19007616,-0.21301664,-0.31280339,0.13834609,0.13859417,0.02458220,0.28530735,-0.09561218,1.14876258,0.00429192,0.00372050,0.01178340,-0.18594435,-1.12049305,-0.07991765,1.24967635,-0.00424079,-0.00350942,-0.01545995
-0.20901586,1.49940526,0.74534863,0.17801182,0.26254532,-0.42128731,0.84964625,-0.43919486,0.20466863,0.50304288,0.27821907,-0.24294727,-0.08168367,-1.03438032,-0.23273343,-0.66558248,0.52956134,-0.17488967,-0.20739460,-0.31026423,0.12025372,0.12105826,0.05734240,0.25992537,-0.10949869,1.12605155,0.00529520,0.00247971,0.01200516,-0.17312276,-1.11514008,-0.08412083,1.22976673,-0.00455813,-0.00770306,-0.01605327
-0.20951171,1.50515819,0.75000411,0.16936631,0.25355243,-0.41347642,0.85794141,-0.43256590,0.21115671,0.51766533,0.29882637,-0.23873430,-0.07134605,-0.99684972,-0.24196640,-0.68620318,0.50728083,-0.16031083,-0.20174371,-0.30660719,0.10555088,0.10373053,0.08983890,0.23834468,-0.12523033,1.09962702,0.00659584,0.00173823,0.01262261,-0.15875000,-1.10629892,-0.08751206,1.20963562,-0.00484308,-0.01162643,-0.01631170
-0.20990412,1.51089633,0.75353968,0.16057157,0.24456448,-0.40430509,0.86656932,-0.42561302,0.21823633,0.53779066,0.32350132,-0.23609416,-0.06023718,-0.95950824,-0.25196600,-0.70695084,0.48683992,-0.14678998,-0.19605327,-0.30185035,0.09410763,0.08712939,0.12167930,0.22068796,-0.14259937,1.07009971,0.00820590,0.00148882,0.01359386,-0.14283714,-1.09360158,-0.09004140,1.18992472,-0.00508281,-0.01516648,-0.01622434
-0.21003516,1.51670253,0.75676537,0.15134401,0.23544286,-0.39381251,0.87554175,-0.41803333,0.22626922,0.56208855,0.35110384,-0.23532234,-0.04879655,-0.92178112,-0.26225814,-0.72767204,0.46888641,-0.13388057,-0.19031580,-0.29612154,0.08438124,0.07078008,0.15254809,0.20699902,-0.16128629,1.03806436,0.01012689,0.00167831,0.01487778,-0.12557736,-1.07750309,-0.09175742,1.17110074,-0.00526416,-0.01825007,-0.01587658
-0.20992731,1.52272308,0.76123208,0.14206327,0.22585972,-0.38251601,0.88458291,-0.40949133,0.23537831,0.58882558,0.37979051,-0.23770188,-0.03752291,-0.88440228,-0.27343184,-0.74744070,0.45102471,-0.12451252,-0.18451323,-0.28996149,0.07593908,0.05485895,0.18180187,0.19734040,-0.18080306,1.00401926,0.01234515,0.00214583,0.01646485,-0.10700557,-1.05837691,-0.09264538,1.15368497,-0.00537497,-0.02071688,-0.01530779
-0.20963140,1.52891445,0.76268631,0.13170742,0.21659091,-0.37011134,0.89373325,-0.40079767,0.24382965,0.61636084,0.40793091,-0.24200477,-0.02697621,-0.84653169,-0.28427240,-0.76728427,0.43714073,-0.11385735,-0.17866582,-0.28177220,0.06865221,0.03921856,0.20899224,0.19161040,-0.20053998,0.96841830,0.01482678,0.00262918,0.01834772,-0.08796071,-1.03631687,-0.09255508,1.13748050,-0.00541113,-0.02272760,-0.01446948
-0.20910951,1.53488624,0.76473486,0.12180567,0.20737064,-0.35670160,0.90273183,-0.39186999,0.25129893,0.64297330,0.43378937,-0.25005403,-0.01746803,-0.80873078,-0.29577264,-0.78614968,0.42415982,-0.10512836,-0.17277884,-0.27267346,0.06290445,0.02411380,0.23294190,0.18944940,-0.21988131,0.93191576,0.01751374,0.00287531,0.02045016,-0.06825575,-1.01159453,-0.09139670,1.12280488,-0.00536825,-0.02413533,-0.01336043
-0.20795555,1.54122818,0.76798826,0.11107934,0.19830190,-0.34277178,0.91150713,-0.38339266,0.25701973,0.66676062,0.45571250,-0.25985858,-0.00914735,-0.77209467,-0.30661908,-0.80477172,0.41399276,-0.09684591,-0.16689600,-0.26235431,0.05818736,0.00977749,0.25321415,0.19001926,-0.23831517,0.89558494,0.02031983,0.00275204,0.02257594,-0.04833401,-0.98477089,-0.08913149,1.10948765,-0.00524679,-0.02501166,-0.01202387
-0.20662849,1.54753709,0.76820642,0.10072280,0.18999767,-0.32879149,0.91959337,-0.37654400,0.26130998,0.68599826,0.47155073,-0.27157938,-0.00184082,-0.73649579,-0.31757006,-0.82235652,0.40532124,-0.09055235,-0.16107608,-0.25114951,0.05483199,-0.00301774,0.26958483,0.19236068,-0.25530815,0.86070496,0.02313285,0.00215576,0.02449475,-0.02812186,-0.95623070,-0.08571524,1.09762704,-0.00505064,-0.02526736,-0.01049066
-0.20487793,1.55395496,0.76904655,0.09149028,0.18207237,-0.31501080,0.92695597,-0.37030175,0.26387200,0.69767541,0.48154724,-0.28299171,0.00471816,-0.70338494,-0.32934770,-0.83879495,0.39772776,-0.08642311,-0.15539153,-0.23802473,0.05350258,-0.01358019,0.28227276,0.19524993,-0.27035829,0.82884324,0.02581729,0.00111161,0.02593188,-0.00815020,-0.92620766,-0.08107441,1.08687651,-0.00479030,-0.02502710,-0.00876283
-0.20279446,1.56041908,0.76973969,0.08319283,0.17442976,-0.30108476,0.93381003,-0.36268109,0.26426336,0.69998360,0.48723361,-0.29440987,0.01063991,-0.67123115,-0.34235957,-0.85364872,0.39164722,-0.08233513,-0.14988419,-0.22316092,0.05306212,-0.02325922,0.29148731,0.19774355,-0.28273076,0.80168295,0.02822072,-0.00026393,0.02670613,0.01165287,-0.89489144,-0.07518508,1.07717443,-0.00447747,-0.02428009,-0.00686413
-0.20042036,1.56764638,0.77171242,0.07496577,0.16684828,-0.28670244,0.94039539,-0.35307878,0.26230076,0.69292504,0.49016583,-0.30475286,0.01602036,-0.64040923,-0.35625157,-0.86653137,0.38696328,-0.07850938,-0.14463674,-0.20709340,0.05146538,-0.03314281,0.29723659,0.19890901,-0.29167011,0.78108776,0.03018897,-0.00315127,0.02665675,0.03126328,-0.86297625,-0.06821649,1.06834126,-0.00412380,-0.02308757,-0.00494818
-0.19815052,1.57561183,0.77127987,0.06724918,0.15921639,-0.27189741,0.94667813,-0.34275144,0.25707680,0.67830026,0.49116483,-0.31375018,0.02103889,-0.60999805,-0.37112582,-0.87645358,0.38393208,-0.07475878,-0.13975979,-0.18987782,0.04952772,-0.04357034,0.29900113,0.19820906,-0.29616183,0.76863176,0.03158060,-0.00639344,0.02579474,0.05040944,-0.83011729,-0.06010789,1.06007981,-0.00374817,-0.02158082,-0.00307534
-0.19574738,1.58351517,0.77331644,0.06020600,0.15092092,-0.25695104,0.95266693,-0.33271202,0.24811099,0.65841550,0.49031836,-0.32277676,0.02595351,-0.58044517,-0.38720042,-0.88257498,0.38249075,-0.07149188,-0.13530724,-0.17173779,0.04778693,-0.05311497,0.29696542,0.19540416,-0.29523027,0.76625240,0.03227405,-0.00980136,0.02418491,0.06888969,-0.79615176,-0.05086435,1.05225646,-0.00336854,-0.01982351,-0.00139555
-0.19337122,1.59121811,0.77251989,0.05450034,0.14283970,-0.24194599,0.95816944,-0.32308006,0.23513292,0.63515311,0.48804837,-0.33207721,0.03097644,-0.55147457,-0.40385589,-0.88410604,0.38307256,-0.06815130,-0.13127646,-0.15335326,0.04617005,-0.06086374,0.29225692,0.19114605,-0.28774038,0.77622485,0.03218044,-0.01263769,0.02209737,0.08674523,-0.76165348,-0.04073603,1.04470885,-0.00299852,-0.01792326,0.00000000
-0.19134262,1.59999037,0.77294600,0.04884363,0.13438668,-0.22626115,0.96351461,-0.31453314,0.21880749,0.60997057,0.48511425,-0.34078205,0.03629174,-0.52508920,-0.42092270,-0.88045222,0.38477132,-0.06623106,-0.12766841,-0.13397010,0.04369797,-0.06481531,0.28838670,0.18760784,-0.27238423,0.80215889,0.03124764,-0.01309878,0.02006231,0.10362598,-0.72789532,-0.03019127,1.03709066,-0.00264756,-0.01610581,0.00000000
-0.18905552,1.60907423,0.77418447,0.04433012,0.12628668,-0.20977069,0.96854673,-0.30679289,0.19975440,0.58383560,0.48301589,-0.34667417,0.04200481,-0.50107944,-0.43750435,-0.87061721,0.38712141,-0.06782307,-0.12457661,-0.11405183,0.04147713,-0.06583074,0.28306630,0.18506894,-0.24860033,0.84174031,0.02953635,-0.01203609,0.01860185,0.11875157,-0.69559383,-0.01964810,1.02919555,-0.00232453,-0.01455003,0.00000000
-0.18665060,1.61910844,0.77448434,0.03914684,0.11850229,-0.19255548,0.97331758,-0.29948777,0.17900927,0.55750102,0.48099342,-0.34971312,0.04806958,-0.47998410,-0.45339382,-0.85398346,0.38892049,-0.07458600,-0.12191250,-0.09424455,0.04148898,-0.06558380,0.27420017,0.18562661,-0.21576776,0.89165479,0.02716227,-0.01043447,0.01857058,0.13184428,-0.66571462,-0.00955530,1.02106702,-0.00203666,-0.01332111,0.00000000
-0.18466775,1.62970448,0.77651989,0.03459168,0.11063742,-0.17384220,0.97792723,-0.29276401,0.15797971,0.53124082,0.47900680,-0.35088661,0.05444327,-0.46136650,-0.46755764,-0.83058447,0.38994747,-0.08523901,-0.11949924,-0.07499281,0.04191162,-0.06448808,0.26307711,0.18625420,-0.17733195,0.94937718,0.02435994,-0.00848014,0.01910608,0.14204922,-0.63789743,0.00000000,1.01238739,-0.00179311,-0.01268392,0.00000000
-0.18280914,1.64082992,0.77721131,0.02932096,0.10269084,-0.15354609,0.98235354,-0.28587279,0.13724050,0.50533170,0.47698885,-0.35025996,0.06092754,-0.44423151,-0.47947505,-0.80089986,0.38998878,-0.09852740,-0.11722267,-0.05655915,0.04118547,-0.06395540,0.24990696,0.18479563,-0.13655962,1.01129162,0.02137391,-0.00657923,0.01956860,0.14777189,-0.61251044,0.00965747,1.00257063,-0.00159723,-0.01304523,0.00000000
-0.18093474,1.65164304,0.77632314,0.02390677,0.09536443,-0.13075225,0.98652823,-0.27927157,0.11747206,0.48041883,0.47326690,-0.35034028,0.06725100,-0.42806923,-0.48895049,-0.76610619,0.38875139,-0.11338080,-0.11502677,-0.03710901,0.04019733,-0.06445225,0.23694479,0.18129763,-0.09585205,1.07485616,0.01841114,-0.00442595,0.01985516,0.14684716,-0.59054118,0.01777907,0.99081409,-0.00144508,-0.01492387,0.00000000
-0.17895062,1.66254711,0.77805537,0.01892722,0.08899672,-0.10643541,0.99014789,-0.27271968,0.09865434,0.45735639,0.46844944,-0.35102674,0.07311158,-0.41272220,-0.49569890,-0.72800857,0.38581437,-0.12882139,-0.11289579,-0.01854505,0.03839307,-0.06528977,0.22660184,0.17858735,-0.05672473,1.13734865,0.01564911,-0.00176952,0.02047826,0.14137059,-0.57570100,0.02274241,0.97872257,-0.00131345,-0.01761922,0.00000000
-0.17746778,1.67351305,0.77912003,0.01372957,0.08295914,-0.08233118,0.99305129,-0.26586479,0.08143715,0.43702859,0.46370202,-0.34916425,0.07816180,-0.39884019,-0.49849045,-0.68943375,0.38133046,-0.14385566,-0.11080337,-0.00327749,0.03552476,-0.06705925,0.21915796,0.17596053,-0.02194920,1.19441402,0.01325140,0.00088837,0.02113046,0.13437182,-0.56820637,0.02467488,0.96784937,-0.00119610,-0.02038976,0.00000000
-0.17653672,1.68332088,0.78082603,0.00875419,0.07803944,-0.05842143,0.99519855,-0.25999215,0.06710085,0.42034277,0.45789340,-0.34770626,0.08214748,-0.38644546,-0.49669686,-0.65386534,0.37562132,-0.15758123,-0.10875129,0.01064657,0.02791470,-0.06927612,0.21727517,0.17484094,0.00659122,1.24365485,0.01133039,0.00419271,0.02192789,0.12387323,-0.57264775,0.02196416,0.95772517,-0.00105378,-0.02351386,0.00000000
-0.17432442,1.69169068,0.78151029,0.00442308,0.07493107,-0.03500134,0.99656444,-0.25465044,0.05607101,0.40828934,0.45266822,-0.34663722,0.08486240,-0.37556684,-0.49206012,-0.62476802,0.37041813,-0.16818434,-0.10701315,0.02684611,0.01667953,-0.07444434,0.21920940,0.17515542,0.02698044,1.28063881,0.00998325,0.00753789,0.02272288,0.10614473,-0.58642495,0.01569007,0.94658995,-0.00088565,-0.02787306,-0.00362813
-0.17250602,1.69937384,0.78041774,0.00088441,0.07239611,-0.01730198,0.99722548,-0.25002086,0.04956444,0.40190661,0.44870603,-0.34475383,0.08614134,-0.37069333,-0.48525316,-0.60835487,0.36741436,-0.17419474,-0.10575148,0.04030914,0.00643258,-0.07966845,0.22303338,0.17540321,0.03756092,1.30136204,0.00928003,0.01004340,0.02314106,0.09054712,-0.59948808,0.01003069,0.93827468,-0.00075314,-0.03148977,-0.00684154
