0.01231788,0.02563896,0.73378670,-0.10820269,0.15127904,0.02509958,0.98223054,-0.06764518,0.19383284,0.15289001,1.07637656,0.24036294,0.12482361,-0.85083437,0.29550144,-0.21861011,0.76243865,-0.48398224,0.06192246,-0.08713836,0.07625400,0.30916917,-0.50954378,0.67951399,-0.06585871,0.13602255,0.01770989,-0.05170183,0.02982773,0.87944931,-0.57807261,0.34991542,0.53450072,-0.04716052,0.01608720,-0.02525691
0.04137877,0.03028509,0.73119444,-0.10653038,0.15514433,0.01652414,0.98199209,-0.08581299,0.19140549,0.15904509,1.12648582,0.23780407,0.13020878,-0.82918489,0.29803070,-0.21412376,0.78073835,-0.49024925,0.05979612,-0.09152019,0.07762683,0.32567787,-0.48307827,0.66062361,-0.07344496,0.15305805,0.01738302,-0.04982302,0.02653460,0.86798471,-0.55935931,0.35809037,0.53836900,-0.04743485,0.01771463,-0.02328509
0.06827356,0.03597141,0.72896451,-0.10354913,0.15453470,0.00903970,0.98250440,-0.12049452,0.19164564,0.16459109,1.20790315,0.22732328,0.14132242,-0.79898208,0.29711789,-0.20515642,0.80626374,-0.50260222,0.05577771,-0.09006546,0.08019532,0.34347633,-0.43906721,0.63015467,-0.08254570,0.18317717,0.01666894,-0.04765814,0.02197366,0.84091365,-0.52994120,0.36970043,0.54333568,-0.04801299,0.01979585,-0.02104556
0.09346652,0.04177134,0.72662354,-0.09902252,0.15118829,0.00417882,0.98352386,-0.17096643,0.19672076,0.16529809,1.30883527,0.20932364,0.15787944,-0.76323742,0.29164308,-0.19247130,0.83372849,-0.52011931,0.05040940,-0.08326808,0.08298256,0.36140710,-0.38360214,0.59151775,-0.09111287,0.22471666,0.01560456,-0.04533016,0.01686666,0.79937625,-0.49440473,0.38272476,0.54807144,-0.04885622,0.02189811,-0.01905960
0.11800056,0.04725068,0.72427160,-0.09328061,0.14669214,0.00199723,0.98477213,-0.23788728,0.20551015,0.16117658,1.42100513,0.18599381,0.17853689,-0.72342032,0.28228557,-0.17722477,0.85982752,-0.54166430,0.04443179,-0.07323957,0.08483618,0.38126394,-0.31972933,0.54703808,-0.09901889,0.27670476,0.01427901,-0.04237471,0.01132825,0.74511665,-0.45605794,0.39585879,0.55095619,-0.04990017,0.02348959,-0.01749355
0.14295885,0.05253972,0.72146726,-0.08648991,0.14279785,0.00233388,0.98596289,-0.32185650,0.21720190,0.15288980,1.53702736,0.15993093,0.20182502,-0.67956477,0.26941654,-0.15995707,0.88235623,-0.56549144,0.03848741,-0.06056616,0.08429549,0.40483251,-0.24916747,0.49943116,-0.10576098,0.33828750,0.01277625,-0.03808497,0.00566114,0.68013042,-0.41848606,0.40773112,0.55042189,-0.05107293,0.02408546,-0.01649712
0.16942948,0.05958973,0.71995896,-0.07786339,0.13680504,0.00348502,0.98752698,-0.42343664,0.23247975,0.14049000,1.65322781,0.13466467,0.22646931,-0.62782675,0.25154230,-0.14017236,0.90096617,-0.58925045,0.03304778,-0.04560358,0.08011023,0.42701676,-0.17278038,0.45098701,-0.11151414,0.40697065,0.01119976,-0.03250160,0.00000000,0.60487181,-0.38514099,0.41629934,0.54407108,-0.05230997,0.02275437,-0.01651396
0.19636400,0.06564043,0.71837127,-0.06910867,0.13247917,0.00684601,0.98874991,-0.53462207,0.24181870,0.12822844,1.74680173,0.10402519,0.24847089,-0.57367861,0.23230851,-0.12171350,0.91204536,-0.61141056,0.02886599,-0.02791758,0.07513081,0.44738758,-0.09274005,0.40574926,-0.11544501,0.47901401,0.00962627,-0.02626036,-0.00675872,0.51790982,-0.35783276,0.42022151,0.52772993,-0.05355199,0.01754331,-0.01777392
0.22366723,0.07101298,0.71616960,-0.06150793,0.12813496,0.01370883,0.98975263,-0.64559877,0.24120843,0.11874313,1.80544925,0.06653268,0.26552981,-0.51610845,0.21310681,-0.10624872,0.91510415,-0.63023430,0.02644117,-0.00564692,0.07057410,0.45652509,-0.00982702,0.36678728,-0.11702625,0.55033791,0.00812214,-0.02024495,-0.01274386,0.41428864,-0.33806151,0.41708633,0.49578455,-0.05476039,0.00569784,-0.02103102
0.24962269,0.07696278,0.71497715,-0.05272012,0.12483015,0.01927131,0.99058904,-0.75683838,0.23669529,0.11085046,1.83190787,0.03232391,0.27915931,-0.45729408,0.19001316,-0.09187793,0.90907419,-0.64425063,0.02579876,0.01475961,0.06804415,0.46957284,0.07578676,0.33781597,-0.11507572,0.61751747,0.00672730,-0.01510100,-0.01738155,0.32240847,-0.33180717,0.41226810,0.47128168,-0.05571935,-0.00133171,-0.02371209
0.27760467,0.08264946,0.71465564,-0.04287911,0.12232439,0.02513451,0.99124486,-0.86505604,0.22875862,0.10803593,1.82288432,0.00240395,0.28824008,-0.39450794,0.16368537,-0.07941138,0.89502704,-0.65215212,0.02698336,0.03511553,0.06870482,0.47950080,0.16333838,0.32147437,-0.10936714,0.67780137,0.00547765,-0.01129932,-0.02038378,0.23414396,-0.33970314,0.40261969,0.44839656,-0.05640920,-0.00665268,-0.02704703
0.30572301,0.08918841,0.71527892,-0.03371280,0.12053209,0.03128690,0.99164338,-0.96526980,0.21728480,0.11139484,1.77698219,-0.02277833,0.29208007,-0.33054206,0.13579600,-0.07020771,0.87364000,-0.65327513,0.02989376,0.05343587,0.07178916,0.48474681,0.25068340,0.31857228,-0.10054442,0.72943109,0.00439926,-0.00902409,-0.02175738,0.14957207,-0.36096480,0.38833085,0.42754096,-0.05680146,-0.01039481,-0.03101172
0.33641604,0.09648886,0.71676761,-0.02483994,0.12093710,0.03734130,0.99164652,-1.05381083,0.20331410,0.12089939,1.69776082,-0.04241034,0.29066256,-0.26589006,0.10682201,-0.06441548,0.84640592,-0.64336312,0.03403717,0.06903716,0.07653282,0.48634496,0.33752578,0.32717705,-0.09025095,0.77267647,0.00351619,-0.00769449,-0.02195067,0.06779007,-0.39481553,0.36935970,0.40908426,-0.05689945,-0.01274007,-0.03576148
0.36789709,0.10455602,0.71798748,-0.01709574,0.12206227,0.04333252,0.99142868,-1.12765098,0.18734594,0.13444251,1.58922911,-0.05633593,0.28446543,-0.20288318,0.07813669,-0.06224691,0.81586760,-0.61944175,0.03879317,0.08158753,0.07986564,0.48413777,0.42357257,0.34442493,-0.07974389,0.80961239,0.00284942,-0.00604294,-0.02126358,-0.00974858,-0.43943435,0.34719095,0.39234522,-0.05676506,-0.01443359,-0.04099384
0.39946353,0.11373675,0.71926755,-0.01139367,0.12391978,0.04905307,0.99101356,-1.18436635,0.16988796,0.14913666,1.45704770,-0.06455496,0.27430964,-0.14356460,0.05185690,-0.06378377,0.78770924,-0.58501369,0.04357845,0.09119868,0.08285809,0.48154792,0.50604695,0.36748630,-0.06972425,0.84156251,0.00240724,-0.00332683,-0.01975478,-0.08074796,-0.49198180,0.32407171,0.38073394,-0.05643430,-0.01412904,-0.04610843
0.43303198,0.12237999,0.72086972,-0.00621521,0.12642890,0.05658906,0.99034074,-1.22387207,0.15095082,0.16334039,1.30932057,-0.06758233,0.26104596,-0.08779971,0.02947690,-0.06889249,0.76752347,-0.54466021,0.04772387,0.10034310,0.08674064,0.47962692,0.58134824,0.39366564,-0.06102423,0.86919141,0.00219901,0.00081897,-0.01758135,-0.14736620,-0.54961485,0.30121714,0.37410706,-0.05599006,-0.01220273,-0.05095961
0.46838763,0.13207301,0.72186846,-0.00304246,0.12892799,0.06366723,0.98960335,-1.24751592,0.13223425,0.17465688,1.15939844,-0.06651118,0.24585859,-0.03690180,0.01109642,-0.07716429,0.75853586,-0.50044882,0.05045187,0.10882031,0.09093246,0.47883245,0.64314204,0.42132616,-0.05420612,0.89164072,0.00223376,0.00595075,-0.01483189,-0.21034263,-0.60989630,0.28016084,0.37365025,-0.05551261,-0.00832819,-0.05527069
0.50484860,0.14241630,0.72330528,-0.00158912,0.13130722,0.06981521,0.98887902,-1.25854862,0.11569837,0.18154648,1.01905215,-0.06288470,0.23002298,0.00629651,-0.00400834,-0.08926255,0.75999796,-0.45578918,0.05117541,0.11747783,0.09433793,0.47981754,0.68660623,0.44756737,-0.05106118,0.90722328,0.00252322,0.01125313,-0.01234076,-0.27094251,-0.66909319,0.26274422,0.37773123,-0.05510592,-0.00360719,-0.05869256
0.54164761,0.15311195,0.72532451,-0.00137633,0.13334360,0.07501906,0.98822555,-1.25799179,0.10295866,0.18383929,0.89845461,-0.05821874,0.21467030,0.03939066,-0.01585919,-0.10541321,0.77212334,-0.41462982,0.04954807,0.12485509,0.09542646,0.48147804,0.70753521,0.47130406,-0.05256017,0.91384834,0.00308282,0.01572623,-0.01060700,-0.32959872,-0.72530740,0.24925524,0.38583142,-0.05481357,0.00148791,-0.06135150
0.57784259,0.16379982,0.72698200,-0.00220722,0.13512296,0.07958298,0.98762516,-1.24738467,0.09408396,0.18359883,0.80503589,-0.05316277,0.20057976,0.06063920,-0.02495468,-0.12538695,0.79290712,-0.38133994,0.04537548,0.12995942,0.09331971,0.48357716,0.70291018,0.49416211,-0.05822947,0.90955114,0.00394813,0.01843544,-0.00940949,-0.38660878,-0.77801341,0.23965278,0.39847004,-0.05463029,0.00709530,-0.06335962
0.61469918,0.17464045,0.72866017,-0.00342530,0.13873530,0.08550841,0.98662510,-1.22835076,0.08768255,0.18334384,0.74233794,-0.04703408,0.18827505,0.06855057,-0.03199860,-0.14867836,0.81770474,-0.35944724,0.03848672,0.13609797,0.08963849,0.48965263,0.67475486,0.51663464,-0.06787965,0.89444160,0.00515898,0.01949773,-0.00875445,-0.44301498,-0.82593870,0.23428336,0.41434923,-0.05455071,0.01246501,-0.06463199
0.65174580,0.18580516,0.72869438,-0.00450343,0.14363163,0.09471398,0.98507814,-1.20272398,0.08321334,0.18453974,0.71119308,-0.03905761,0.17794898,0.06226482,-0.03859881,-0.17276786,0.84323764,-0.35108727,0.02906884,0.14646769,0.08579358,0.49765450,0.62611461,0.53951555,-0.08087290,0.86944896,0.00675469,0.01943417,-0.00845883,-0.49988735,-0.86824024,0.23277843,0.43220294,-0.05453195,0.01685400,-0.06526726
0.68697274,0.19569181,0.72719622,-0.00452739,0.14812724,0.10235698,0.98364672,-1.17074537,0.08362655,0.18632875,0.70642734,-0.03020358,0.16942701,0.03898654,-0.04875865,-0.19329436,0.86936861,-0.35608634,0.01763049,0.15213005,0.08195114,0.50185579,0.55711263,0.56501144,-0.09586075,0.83439684,0.00876311,0.01815258,-0.00805939,-0.55637223,-0.90755242,0.23273498,0.45247203,-0.05449112,0.02043584,-0.06601908
0.72123897,0.20380518,0.72374713,-0.00184697,0.15315333,0.10729825,0.98235825,-1.13825393,0.08692440,0.19152957,0.72138023,-0.02248147,0.16214767,0.00011798,-0.06389178,-0.20757665,0.90080726,-0.36908495,0.00475364,0.15211758,0.08069762,0.50222206,0.47027862,0.59422463,-0.11171192,0.79058433,0.01118389,0.01623639,-0.00729920,-0.61351979,-0.94432604,0.23310690,0.47456357,-0.05435086,0.02287771,-0.06709088
0.75476480,0.21282598,0.71869904,0.00136262,0.15649241,0.11128515,0.98138875,-1.11502051,0.08878432,0.20379834,0.74803376,-0.01791152,0.15575640,-0.04992583,-0.08188427,-0.21458073,0.94444865,-0.38580149,-0.00828436,0.14818798,0.07907749,0.50016797,0.36763299,0.62686336,-0.12760395,0.73927623,0.01397751,0.01415726,-0.00612405,-0.67080534,-0.97851878,0.23359080,0.49876556,-0.05400312,0.02432478,-0.06833991
0.78565395,0.22154529,0.71478730,0.00540572,0.15855769,0.11801166,0.98025685,-1.09782827,0.08692762,0.22142582,0.78708583,-0.01909965,0.15085809,-0.11415970,-0.10015015,-0.21411115,1.00482619,-0.40311110,-0.02022916,0.13913800,0.07493457,0.49687105,0.24957447,0.66357177,-0.14193319,0.68081087,0.01707202,0.01177587,-0.00415676,-0.72812200,-1.01131558,0.23305273,0.52560091,-0.05334444,0.02514044,-0.06989343
0.81558686,0.23011748,0.71144098,0.01071668,0.16017434,0.12919123,0.97853920,-1.08225393,0.08098479,0.24334404,0.83177370,-0.02726120,0.14711106,-0.18948412,-0.11559147,-0.20725782,1.08890343,-0.41866431,-0.02993202,0.12445976,0.07231380,0.49529269,0.12110779,0.70512253,-0.15318938,0.61730886,0.02035588,0.00966219,-0.00128051,-0.78256315,-1.04253888,0.23150532,0.55661929,-0.05224950,0.02625130,-0.07143742
0.84520811,0.23655120,0.70944870,0.01811933,0.16289919,0.14435977,0.97585645,-1.06402957,0.07200074,0.26675108,0.87266135,-0.04275600,0.14371809,-0.26967087,-0.12598298,-0.19660871,1.20432711,-0.43128484,-0.03649868,0.10578370,0.07742977,0.49358177,-0.01203851,0.75253010,-0.15975668,0.55129015,0.02368266,0.00834752,0.00243752,-0.83360475,-1.07170022,0.22872065,0.59077162,-0.05069450,0.02736191,-0.07284889
0.87485206,0.24529731,0.70756060,0.02103168,0.16432873,0.16449697,0.97236541,-1.03832579,0.06139350,0.28710860,0.90484965,-0.06551116,0.13995288,-0.35925621,-0.13028930,-0.18087116,1.34510601,-0.44181311,-0.03879919,0.08610926,0.08865210,0.49320328,-0.14394087,0.80733609,-0.15983696,0.48757276,0.02687526,0.00929333,0.00757063,-0.88029796,-1.09886241,0.22435535,0.62657207,-0.04870315,0.02803360,-0.07410976
0.90366530,0.25367358,0.71086842,0.02405071,0.16384162,0.18433185,0.96881332,-1.00608850,0.04907860,0.30354911,0.92451233,-0.09375677,0.13521624,-0.46039987,-0.13104117,-0.16355719,1.50139368,-0.44900960,-0.03676996,0.06621892,0.11191989,0.49261674,-0.27028635,0.86760116,-0.15501726,0.41882122,0.02974845,0.00761536,0.01322004,-0.92112100,-1.12325716,0.21872222,0.66281182,-0.04632667,0.02803526,-0.07498028
0.93195760,0.26262629,0.71423799,0.02530175,0.16222016,0.20245550,0.96543058,-0.96032548,0.03715682,0.31495449,0.92961043,-0.11388925,0.12884176,-0.57237083,-0.13046965,-0.14732811,1.66523838,-0.45433292,-0.03075246,0.05156284,0.14827682,0.48960432,-0.38264033,0.93124717,-0.14705764,0.34460995,0.03211865,0.00172065,0.01842330,-0.95396811,-1.14439893,0.21240067,0.69857794,-0.04362682,0.02731167,-0.07511535
0.96097761,0.27175269,0.71987569,0.02685064,0.16054445,0.21987032,0.96185319,-0.90335190,0.02563923,0.32338554,0.91801590,-0.12260742,0.12020163,-0.69220144,-0.12963152,-0.13127619,1.82751179,-0.45788944,-0.02126429,0.04411748,0.20169564,0.48586890,-0.47683215,1.00126612,-0.13457286,0.27233857,0.03381647,-0.00609092,0.02346583,-0.97698796,-1.16176891,0.20601216,0.73355728,-0.04066671,0.02610352,-0.07415356
0.99025929,0.28091544,0.72839099,0.02946043,0.15867717,0.23751097,0.95788422,-0.83655745,0.01387878,0.33134133,0.88956106,-0.11887087,0.10878220,-0.81728566,-0.12779070,-0.11586108,1.97913539,-0.45977667,-0.00841179,0.04550755,0.27082881,0.48011681,-0.54938835,1.07913542,-0.11703042,0.21020480,0.03469588,-0.01309680,0.02847205,-0.98940587,-1.17584324,0.19970180,0.76705050,-0.03754072,0.02443799,-0.07199277
1.02103603,0.28984317,0.73981506,0.03348791,0.15736905,0.25379738,0.95378217,-0.76122034,0.00274143,0.33987057,0.84597367,-0.10213768,0.09437675,-0.94390154,-0.12364578,-0.10289843,2.11325026,-0.45999601,0.00728970,0.05275330,0.35080010,0.47151169,-0.59827250,1.16351593,-0.09558243,0.16451171,0.03467913,-0.01738362,0.03317590,-0.99017066,-1.18800640,0.19321330,0.79940367,-0.03432299,0.02279500,-0.06874569
1.05256248,0.29993713,0.75364399,0.03743851,0.15605045,0.26771416,0.95003986,-0.67939836,-0.00723397,0.34994400,0.79158479,-0.07208543,0.07710252,-1.06875193,-0.11649557,-0.09621296,2.22524786,-0.45890465,0.02495678,0.06414672,0.43130440,0.45947361,-0.62074721,1.25026309,-0.07281683,0.14055835,0.03378785,-0.01729742,0.03700843,-0.97976768,-1.20052910,0.18572061,0.83089352,-0.03109352,0.02150711,-0.06486777
1.08502090,0.30877689,0.76959574,0.04391259,0.15348731,0.27928585,0.94684357,-0.59301853,-0.01661033,0.36258122,0.73343188,-0.02855854,0.05736015,-1.18918681,-0.10764936,-0.09774786,2.31200910,-0.45673656,0.04348338,0.08135027,0.51210076,0.44176760,-0.61728120,1.33675015,-0.04970371,0.13999480,0.03212459,-0.01264558,0.04007600,-0.95840019,-1.21185660,0.17782062,0.86118692,-0.02791903,0.02047833,-0.06020528
1.11905444,0.31576419,0.78497332,0.05564684,0.14994149,0.28845868,0.94404055,-0.50501537,-0.02519971,0.37780038,0.68103820,0.02786785,0.03587348,-1.30355453,-0.09832566,-0.10836712,2.37079310,-0.45341679,0.06204690,0.10443417,0.59480751,0.42079312,-0.59035516,1.41918516,-0.02738373,0.16355981,0.02986452,-0.00319108,0.04248528,-0.92598939,-1.21931863,0.17049550,0.89054734,-0.02483605,0.01981747,-0.05442607
1.15497625,0.32126102,0.80270374,0.07317150,0.14691562,0.29466117,0.94140136,-0.42433265,-0.03168039,0.39632833,0.64507526,0.08567914,0.01367167,-1.41019750,-0.08983765,-0.12667921,2.39438844,-0.44892716,0.07990400,0.12579602,0.67179096,0.40335128,-0.54278690,1.48976159,-0.00881686,0.21003313,0.02722972,0.01084227,0.04378872,-0.88401771,-1.22590947,0.16249178,0.92097270,-0.02186591,0.02044669,-0.04834123
1.19163442,0.32768750,0.82212931,0.09316308,0.14262489,0.29750688,0.93939791,-0.35287625,-0.03284063,0.41743320,0.63303602,0.13912550,-0.00816858,-1.50655019,-0.08284892,-0.15168469,2.38096476,-0.44273478,0.09664679,0.13832738,0.73294908,0.38738093,-0.48155159,1.54485309,0.00750358,0.27553985,0.02446700,0.02841363,0.04501483,-0.83589768,-1.23476207,0.15263192,0.95237929,-0.01906662,0.02218826,-0.04282127
1.23024285,0.33428812,0.84070635,0.11465453,0.13880687,0.29948007,0.93696248,-0.29353130,-0.03016101,0.44402751,0.65170896,0.18442433,-0.02829892,-1.59357047,-0.07824257,-0.18329614,2.33353806,-0.43404457,0.11220754,0.14091901,0.77866268,0.38263792,-0.40321633,1.57686901,0.01268828,0.35197681,0.02173616,0.04658514,0.04337731,-0.78290462,-1.24376082,0.14182061,0.98449427,-0.01646127,0.02474977,-0.03763175
1.26825202,0.33858991,0.85696125,0.13931583,0.13628908,0.29981367,0.93387802,-0.24390289,-0.02090393,0.47250110,0.70714492,0.22224484,-0.04294138,-1.66487765,-0.07709587,-0.21705361,2.25503087,-0.42277095,0.12638520,0.13634557,0.80834544,0.38507366,-0.31251216,1.58653414,0.00885322,0.43313894,0.01924279,0.06380190,0.03984001,-0.72763562,-1.25031531,0.13109916,1.01584351,-0.01407338,0.02725733,-0.03241041
1.30305731,0.34140804,0.87146544,0.16719079,0.13244511,0.29746104,0.93060328,-0.20087212,-0.00534204,0.49455833,0.79897267,0.25296852,-0.04997339,-1.71715856,-0.08089345,-0.24940760,2.15140820,-0.40797812,0.13866179,0.12919517,0.81822294,0.39026859,-0.21443602,1.57564223,-0.00092513,0.51339543,0.01722347,0.07896914,0.03569930,-0.67339391,-1.25284481,0.12108974,1.04446220,-0.01192135,0.02862036,-0.02697932
1.33564615,0.34505138,0.88549900,0.19465857,0.12947637,0.28867464,0.92844540,-0.17024539,0.00889122,0.51231450,0.92193532,0.27555910,-0.05038612,-1.74907589,-0.08975408,-0.28173488,2.03085375,-0.38860133,0.14895995,0.11202925,0.80787581,0.39929813,-0.11389634,1.54556596,-0.01604595,0.58426005,0.01585589,0.08948690,0.03124423,-0.62090313,-1.25277436,0.11160149,1.07093513,-0.01000427,0.02910136,-0.02160630
1.36917615,0.35017440,0.89844561,0.22156110,0.12997426,0.27463487,0.92660297,-0.15262632,0.01984385,0.53024226,1.06748855,0.28910756,-0.04478330,-1.76208746,-0.10370116,-0.31563887,1.90405762,-0.36381170,0.15714644,0.08665129,0.78393978,0.41428438,-0.01580527,1.50135052,-0.03533600,0.63900548,0.01527985,0.09349895,0.02684986,-0.57355005,-1.24960625,0.10284635,1.09395933,-0.00832519,0.02807707,-0.01630015
1.40307927,0.35730022,0.91064912,0.24809074,0.13391405,0.25690015,0.92440269,-0.14439633,0.02873261,0.55033433,1.22785580,0.29489389,-0.03357285,-1.76189625,-0.12282488,-0.35193604,1.77703083,-0.33378097,0.16323227,0.05496758,0.74984086,0.43583584,0.07804930,1.44558227,-0.05894848,0.67517501,0.01549261,0.09103625,0.02229957,-0.53096104,-1.24257863,0.09508433,1.11380374,-0.00686329,0.02577943,-0.01095917
1.43551457,0.36280745,0.92140943,0.27543429,0.13809539,0.23768622,0.92117907,-0.14069682,0.03688799,0.57221597,1.39602399,0.29337704,-0.01802824,-1.74942589,-0.14519781,-0.38447544,1.65494752,-0.29845273,0.16716187,0.02295141,0.71067560,0.46096608,0.16780539,1.38052952,-0.08679260,0.69319248,0.01646101,0.08324605,0.01748015,-0.49343392,-1.23067141,0.08859773,1.12992895,-0.00559857,0.02206863,-0.00540900
1.46748483,0.36784852,0.93095082,0.30252159,0.14295585,0.21659547,0.91713179,-0.13792849,0.04517130,0.59477556,1.56570756,0.28555313,0.00000000,-1.73074627,-0.16664407,-0.41196138,1.53879714,-0.25908017,0.16937366,-0.01456565,0.66574740,0.48804331,0.24998751,1.30981243,-0.11719665,0.69368297,0.01822553,0.07090908,0.01303904,-0.45946497,-1.21634328,0.08286159,1.14359128,-0.00452296,0.01774354,0.00000000
1.49924910,0.37322500,0.93930805,0.32767092,0.14854746,0.19344545,0.91276737,-0.13347967,0.05550938,0.61441296,1.73112333,0.27299914,0.02010369,-1.70946360,-0.18459029,-0.43066275,1.42847133,-0.21664737,0.17008996,-0.05928768,0.61313331,0.51608050,0.32258913,1.23648357,-0.14877838,0.68027180,0.02075196,0.05589882,0.00945552,-0.42805520,-1.20178771,0.07747707,1.15586126,-0.00362532,0.01351613,0.00309417
1.53053570,0.37880033,0.94667393,0.35094512,0.15368647,0.16996277,0.90792657,-0.12512256,0.06876609,0.62725592,1.88814986,0.25779361,0.03908266,-1.68642712,-0.19892719,-0.43654898,1.32327318,-0.17178297,0.16956967,-0.10553408,0.55570775,0.54425865,0.38696852,1.16256845,-0.18099363,0.65837175,0.02392629,0.04065925,0.00676073,-0.39995921,-1.18778527,0.07235895,1.16629004,-0.00288698,0.00935099,0.00568023
1.56153309,0.38450846,0.95283622,0.37253437,0.15695524,0.14710438,0.90274221,-0.11225593,0.08525840,0.63123941,2.03349161,0.24187332,0.05531751,-1.66270268,-0.21236224,-0.42669922,1.22091484,-0.12549740,0.16786271,-0.14853440,0.49729699,0.57159150,0.44519529,1.08973157,-0.21319523,0.63307118,0.02761734,0.02720603,0.00499377,-0.37506992,-1.17426109,0.06761871,1.17501056,-0.00228601,0.00551404,0.00779917
1.59066772,0.38935035,0.95828521,0.39273617,0.15690159,0.12540977,0.89744782,-0.09803300,0.10618678,0.62813044,2.16417265,0.22575746,0.06739712,-1.63615656,-0.22781008,-0.40033853,1.12352884,-0.07950466,0.16435701,-0.18381332,0.44064763,0.59697855,0.49982792,1.01867759,-0.24489175,0.60831100,0.03167392,0.01680435,0.00409973,-0.35297593,-1.16097498,0.06335191,1.18197834,-0.00180154,0.00220214,0.00949810
1.61901784,0.39459544,0.96300739,0.41130373,0.15478961,0.10488837,0.89211426,-0.08465485,0.13263546,0.62032044,2.27769995,0.20859945,0.07429895,-1.60691214,-0.24644917,-0.36057127,1.03341126,-0.03489435,0.15926401,-0.21200751,0.38501725,0.62080443,0.55100352,0.95074517,-0.27480450,0.58636254,0.03594487,0.00983156,0.00432115,-0.33182725,-1.14804602,0.05961117,1.18784642,-0.00141711,0.00000000,0.01083466
1.64693129,0.40089110,0.96750081,0.42527027,0.15071584,0.08438068,0.88843111,-0.07287060,0.16579643,0.61024147,2.37107754,0.18837309,0.07507212,-1.57567728,-0.26696050,-0.31215221,0.95023507,0.00874099,0.15374124,-0.24112083,0.31904027,0.63965881,0.59664106,0.88592935,-0.30242968,0.56696647,0.04027560,0.00545124,0.00555491,-0.30748346,-1.13860667,0.05587933,1.19487488,-0.00112549,0.00000000,0.01144622
1.67515469,0.40691730,0.97071266,0.43846000,0.14543131,0.06527102,0.88450113,-0.06520797,0.20600241,0.60047692,2.44224763,0.16385654,0.06923813,-1.54398549,-0.29077807,-0.25764942,0.87500697,0.05126228,0.14823341,-0.26337031,0.25599414,0.65740055,0.64162636,0.82445484,-0.32830155,0.55186212,0.04452798,0.00393923,0.00728625,-0.28158903,-1.12928486,0.05283820,1.20084405,-0.00090422,0.00000000,0.01191878
1.70375955,0.41280475,0.97279710,0.45076537,0.13984356,0.04679460,0.88037755,-0.06269987,0.25179964,0.59105140,2.48860598,0.13547911,0.05759891,-1.51273680,-0.31749514,-0.20008478,0.80734754,0.09339440,0.14330819,-0.27998570,0.19539836,0.67352945,0.68669051,0.76611817,-0.35278443,0.54023379,0.04858815,0.00442121,0.00909996,-0.25344679,-1.12176418,0.05021556,1.20639992,-0.00074395,0.00000000,0.01208513
1.73245430,0.41893712,0.97343844,0.46231502,0.13351252,0.02843136,0.87614547,-0.06574542,0.29994160,0.58441949,2.50792122,0.10395782,0.04101817,-1.48282349,-0.34775677,-0.14139424,0.74607378,0.13464931,0.13920914,-0.29059398,0.14298701,0.68764204,0.73221976,0.71173322,-0.37514326,0.53159666,0.05236190,0.00631100,0.01106703,-0.22435051,-1.11534214,0.04814375,1.21052623,-0.00062999,0.00000000,0.01209424
1.76144004,0.42500168,0.97202927,0.47311301,0.12697194,0.00999349,0.87174672,-0.07532049,0.34682035,0.58406556,2.50023365,0.06924880,0.02026579,-1.45444679,-0.38038903,-0.08435482,0.69071031,0.17404865,0.13622428,-0.29744154,0.10047790,0.70029491,0.77855283,0.66116458,-0.39542624,0.52519977,0.05577696,0.00899882,0.01297539,-0.19358702,-1.10980463,0.04667562,1.21390951,-0.00055640,0.00000000,0.01205202
1.79038990,0.43167508,0.96841329,0.48252599,0.11981698,-0.00962412,0.86759434,-0.09227364,0.38936737,0.59233034,2.46933818,0.03153268,-0.00358778,-1.42739332,-0.41379729,-0.03189832,0.64113003,0.21019280,0.13446981,-0.30222231,0.06829151,0.71057361,0.82523131,0.61438549,-0.41342327,0.52048784,0.05878327,0.01211897,0.01474971,-0.16048287,-1.10464919,0.04589574,1.21707952,-0.00051837,0.00000000,0.01208842
1.81955969,0.43886811,0.96422476,0.48909363,0.11419031,-0.03043741,0.86418838,-0.11417361,0.42454970,0.60358495,2.42075562,-0.00701225,-0.02771829,-1.40140212,-0.44494879,0.01239279,0.59714133,0.24145715,0.13404082,-0.30669653,0.03802384,0.71654868,0.86852324,0.57041401,-0.42917630,0.51533902,0.06135751,0.01460823,0.01625841,-0.12387602,-1.10235190,0.04535411,1.22137189,-0.00051998,0.00000000,0.01187022
1.84889936,0.44641295,0.95920980,0.49284276,0.11056865,-0.05299437,0.86143612,-0.13909261,0.45133650,0.61366469,2.36021757,-0.04439614,-0.04994719,-1.37679458,-0.47309440,0.04728632,0.55839813,0.26635492,0.13504161,-0.31019840,0.01194831,0.71878242,0.90709144,0.52948964,-0.44251755,0.50900358,0.06349338,0.01615025,0.01748361,-0.08535934,-1.10184908,0.04518533,1.22609138,-0.00054262,0.00000000,0.01152997
1.87858760,0.45406768,0.95328224,0.49399555,0.10903311,-0.07681782,0.85917356,-0.16679837,0.47059274,0.61993384,2.29268074,-0.07936230,-0.06891979,-1.35308528,-0.49750438,0.07226243,0.52540922,0.28402424,0.13763413,-0.31120786,-0.00905646,0.71858501,0.94077718,0.49122372,-0.45411789,0.50143588,0.06518488,0.01675091,0.01810599,-0.04627624,-1.10182762,0.04554332,1.23051882,-0.00058356,0.00000000,0.01121125
1.90918362,0.46137977,0.94635183,0.49259872,0.11051159,-0.10088402,0.85729581,-0.19707228,0.48364386,0.61979008,2.22099137,-0.11122819,-0.08365506,-1.32950604,-0.51677495,0.08712012,0.49919978,0.29430056,0.14230554,-0.31036672,-0.02707961,0.71814644,0.96950328,0.45538893,-0.46470785,0.49298447,0.06641992,0.01654872,0.01779740,-0.00680596,-1.10124040,0.04654312,1.23458362,-0.00064188,0.00000000,0.01102464
1.93986785,0.46843430,0.93754923,0.48927141,0.11363490,-0.12545622,0.85554739,-0.22999778,0.49192181,0.61139077,2.14721680,-0.13989151,-0.09377790,-1.30501771,-0.52978945,0.09247199,0.48058435,0.29687384,0.14971803,-0.30810571,-0.04085255,0.71679717,0.99245071,0.42244768,-0.47384065,0.48410934,0.06718152,0.01568744,0.01671068,0.03148257,-1.09930325,0.04822462,1.23745108,-0.00071398,0.00000000,0.01099610
1.97103906,0.47546342,0.92756116,0.48270854,0.11807854,-0.14978028,0.85476066,-0.26595700,0.49675980,0.59347814,2.07266712,-0.16488753,-0.09933175,-1.27823818,-0.53740472,0.09027616,0.46988475,0.29036960,0.15996370,-0.30288431,-0.05447780,0.71371615,1.00893998,0.39262253,-0.48118874,0.47565168,0.06743885,0.01442687,0.01494536,0.06798261,-1.09779477,0.05018237,1.23933947,-0.00080142,0.00000000,0.01076088
2.00288248,0.48207268,0.91520613,0.47396458,0.12314556,-0.17303502,0.85454762,-0.30433983,0.49919000,0.56487638,1.99884939,-0.18543901,-0.10072003,-1.24956679,-0.54141194,0.08323816,0.46634653,0.27313352,0.17309009,-0.29138321,-0.06452612,0.70975906,1.01970792,0.36534220,-0.48705465,0.46851823,0.06715988,0.01298678,0.01239405,0.10014649,-1.09639406,0.05237585,1.23900819,-0.00090055,-0.00191170,0.01029952
2.03440046,0.48825791,0.90019375,0.46352898,0.12776988,-0.19567786,0.85470809,-0.34412450,0.49984303,0.52527219,1.92724645,-0.20076181,-0.09854218,-1.21870017,-0.54280931,0.07375374,0.46959338,0.24369673,0.18905571,-0.27455983,-0.06956650,0.70361078,1.02436876,0.34066230,-0.49112082,0.46338546,0.06632192,0.01146763,0.00919015,0.12764503,-1.09386730,0.05498467,1.23611176,-0.00100983,-0.00424405,0.00984013
2.06585360,0.49459806,0.88383263,0.45012034,0.13271227,-0.21835960,0.85562738,-0.38510695,0.49956524,0.47600830,1.85807025,-0.21037036,-0.09359232,-1.18374312,-0.54024863,0.06290922,0.48098579,0.20127362,0.20803708,-0.25844160,-0.07549991,0.69349414,1.02092433,0.32027546,-0.49173048,0.46086481,0.06491040,0.00997299,0.00595688,0.15361604,-1.09010494,0.05802567,1.23281550,-0.00113608,-0.00586713,0.00947630
2.09684372,0.50124651,0.86508304,0.43660542,0.13801830,-0.23945649,0.85614674,-0.42848009,0.49851462,0.42045543,1.79100645,-0.21432802,-0.08681875,-1.14292574,-0.53113407,0.05139776,0.50325280,0.14548370,0.23042855,-0.24272087,-0.08007270,0.68099511,1.00904679,0.30438918,-0.48801139,0.46172357,0.06291738,0.00867696,0.00307436,0.17687829,-1.08571374,0.06128681,1.22838998,-0.00127537,-0.00708893,0.00907738
2.12718821,0.50813752,0.84671724,0.42052501,0.14361279,-0.26057536,0.85710826,-0.47557086,0.49743485,0.36217010,1.72397399,-0.21363324,-0.07919499,-1.10573328,-0.51725179,0.03849791,0.53240985,0.07682797,0.25583243,-0.23039703,-0.08680167,0.66815639,0.98588711,0.29266354,-0.47897968,0.46522412,0.06036491,0.00706111,0.00102057,0.19889218,-1.08239222,0.06435750,1.22376704,-0.00142726,-0.00731637,0.00833467
2.15633821,0.51547706,0.82928717,0.40367258,0.14894400,-0.28120089,0.85778213,-0.52669907,0.49699980,0.30352354,1.65431857,-0.20871133,-0.07117022,-1.07954502,-0.50037211,0.02412449,0.56659800,0.00049416,0.28369969,-0.21931686,-0.09013002,0.65801460,0.95050973,0.28354466,-0.46477833,0.47039780,0.05730766,0.00454106,0.00000000,0.21718945,-1.08165646,0.06674740,1.21721852,-0.00158268,-0.00727808,0.00685084
2.18454409,0.52364683,0.81511891,0.38573934,0.15531786,-0.30112969,0.85813893,-0.58323133,0.49756670,0.24802829,1.57904923,-0.20001599,-0.06324867,-1.06452358,-0.48335129,0.00943821,0.60670114,-0.07804368,0.31326333,-0.20904966,-0.08990564,0.65298420,0.90306240,0.27594227,-0.44594449,0.47665292,0.05382339,0.00080359,0.00000000,0.23204035,-1.08491647,0.06800567,1.20857501,-0.00173840,-0.00687052,0.00433413
2.21438503,0.53096187,0.80150950,0.36748304,0.16275122,-0.31781044,0.85875770,-0.64403009,0.50049955,0.19687116,1.49441087,-0.18801843,-0.05567927,-1.06046343,-0.47088251,-0.00314304,0.65102917,-0.15529029,0.34373441,-0.19466814,-0.08314314,0.65763748,0.84735882,0.26849148,-0.42441356,0.48437130,0.05001362,-0.00390659,0.00007004,0.24189241,-1.09327018,0.06768169,1.19630885,-0.00188903,-0.00665965,0.00083370
2.24628735,0.53748930,0.79354829,0.34964182,0.17357136,-0.33112284,0.85905835,-0.70948768,0.50182378,0.15729778,1.39903939,-0.17284495,-0.04909830,-1.06189013,-0.46797878,-0.01187313,0.70447558,-0.22943552,0.37413314,-0.17149267,-0.06084922,0.67322814,0.78494138,0.25937238,-0.40185744,0.49205548,0.04600748,-0.01018196,0.00041956,0.24278438,-1.10629487,0.06551941,1.17676175,-0.00203153,-0.00828214,-0.00295501
2.27102923,0.53818572,0.78295612,0.34354329,0.17751999,-0.33913127,0.85758652,-0.77495188,0.49889550,0.13463610,1.29448259,-0.15447243,-0.04402305,-1.06927860,-0.47946459,-0.01472879,0.75969315,-0.30105904,0.40366793,-0.12638634,0.01419877,0.69637096,0.72976077,0.24763846,-0.38188779,0.50233173,0.04196958,-0.01647771,0.00000000,0.22309516,-1.11789930,0.06239335,1.13988793,-0.00218218,-0.01662157,-0.00703851
2.30194545,0.54400617,0.77645606,0.32886752,0.18410901,-0.34786890,0.85845050,-0.83625072,0.49883884,0.12239236,1.18863189,-0.13405886,-0.03997304,-1.06368172,-0.49556008,-0.01994325,0.80773985,-0.35433424,0.42953730,-0.10394683,0.05483209,0.70927697,0.67604345,0.25007483,-0.35688978,0.51847440,0.03796983,-0.02045528,0.00051999,0.22790588,-1.12453949,0.05992194,1.11346877,-0.00231759,-0.01739728,-0.01014076
2.33517981,0.54993147,0.76958364,0.31305219,0.19002716,-0.35533871,0.86001303,-0.89322728,0.49843845,0.12303574,1.08378935,-0.11329097,-0.03695865,-1.04574025,-0.51508826,-0.02739595,0.84341139,-0.39721447,0.45262653,-0.08966301,0.08128291,0.71479756,0.62783676,0.26046360,-0.33054709,0.53922111,0.03411958,-0.02263133,0.00180881,0.24697161,-1.12293053,0.05892991,1.08789122,-0.00247164,-0.01527771,-0.01179967
2.36902595,0.55630648,0.76374054,0.29675228,0.19264386,-0.36197668,0.86243800,-0.94321835,0.49582472,0.13615778,0.98310345,-0.09350897,-0.03446359,-1.01415110,-0.53764850,-0.03603302,0.86507660,-0.42971981,0.47238559,-0.07751153,0.10219698,0.70830864,0.58672881,0.27400780,-0.30516881,0.56265074,0.03050803,-0.02388826,0.00286365,0.27632949,-1.11205018,0.05976908,1.05920827,-0.00265888,-0.01215405,-0.01192230
2.40419078,0.56306410,0.75842172,0.27985395,0.19203114,-0.36803710,0.86565265,-0.98393917,0.48912644,0.16087356,0.88876593,-0.07572415,-0.03177191,-0.96948874,-0.56458312,-0.04239217,0.87547028,-0.45051861,0.48827550,-0.06013189,0.13095118,0.68833983,0.55413139,0.28605533,-0.28290206,0.58693522,0.02720538,-0.02513881,0.00294711,0.30908278,-1.09306622,0.06206517,1.02319801,-0.00288682,-0.01020275,-0.01099362
2.43565989,0.56723869,0.75441176,0.26946820,0.18414527,-0.37219966,0.86887561,-1.01230812,0.47374496,0.19830704,0.80453008,-0.05970012,-0.02818420,-0.91593051,-0.59904706,-0.04328149,0.87650251,-0.46061203,0.50003368,-0.02070407,0.20477143,0.65762043,0.53893596,0.29490331,-0.26499692,0.61368489,0.02424471,-0.02562438,0.00162908,0.32845944,-1.06657660,0.06540994,0.97063005,-0.00318560,-0.01429272,-0.00958883
2.46839738,0.57021636,0.75260007,0.25908730,0.17528981,-0.37493054,0.87268227,-1.03197789,0.45752093,0.24200197,0.73288381,-0.04632598,-0.02257393,-0.85107088,-0.63288617,-0.04326791,0.86810458,-0.45455915,0.50656164,0.02286063,0.28003192,0.62054920,0.52952158,0.30113959,-0.24991314,0.64196026,0.02156836,-0.02583744,-0.00092435,0.34729856,-1.03255534,0.07051528,0.90883100,-0.00356060,-0.02096672,-0.00768193
2.50603247,0.57338089,0.75060642,0.24368598,0.17008642,-0.37636413,0.87751798,-1.04904306,0.44784039,0.28651378,0.67474341,-0.03689699,-0.01407359,-0.77316934,-0.65675455,-0.04705803,0.84946364,-0.42796597,0.50690782,0.05258631,0.31291756,0.58432621,0.51328045,0.30880874,-0.23467882,0.67117262,0.01907764,-0.02603421,-0.00440814,0.37898013,-0.99174750,0.07805971,0.84518456,-0.00402649,-0.02695784,-0.00528535
2.54654932,0.57635111,0.74825680,0.22457907,0.16765851,-0.37665780,0.88294041,-1.06462860,0.44357407,0.33043554,0.63176692,-0.03153910,-0.00224841,-0.68456316,-0.66889405,-0.05448231,0.82256758,-0.38155031,0.50045770,0.07039698,0.30650166,0.55181748,0.48903471,0.32049179,-0.21802746,0.70192039,0.01674005,-0.02581223,-0.00773932,0.41988984,-0.94448036,0.08832148,0.77853590,-0.00461318,-0.03355342,-0.00257412
2.58719826,0.57841992,0.74504089,0.20572497,0.16351266,-0.37636174,0.88842146,-1.07499623,0.43962964,0.37313515,0.60610056,-0.02973859,0.01292482,-0.59138983,-0.67230475,-0.06292813,0.79296899,-0.32172644,0.48724410,0.08536973,0.28727421,0.52049357,0.46023348,0.33677486,-0.19979876,0.73454148,0.01456580,-0.02478298,-0.01051626,0.45899397,-0.89228123,0.10077459,0.70626342,-0.00533055,-0.04289137,0.00000000
2.62829971,0.57974523,0.74219596,0.18617786,0.15795649,-0.37662008,0.89361338,-1.07811606,0.43434832,0.41216949,0.59833193,-0.03063013,0.03138057,-0.49917090,-0.66792625,-0.06952073,0.76692933,-0.25196168,0.46718267,0.09649823,0.26497060,0.48971450,0.42571622,0.35923141,-0.17948656,0.76830071,0.01256218,-0.02291662,-0.01231110,0.49476257,-0.83752364,0.11477651,0.63222486,-0.00617406,-0.05389958,0.00437809
2.67000031,0.57977951,0.74023873,0.16607784,0.15204220,-0.37704370,0.89840935,-1.07298303,0.42775133,0.44418195,0.60713148,-0.03339615,0.05309327,-0.41253725,-0.65967208,-0.07021390,0.75080776,-0.17808799,0.44055602,0.10321771,0.24947515,0.46186501,0.38538596,0.38842610,-0.15731147,0.80294049,0.01075564,-0.01977397,-0.01290275,0.52656740,-0.78227812,0.12984879,0.56135404,-0.00714507,-0.06492687,0.00805509
2.71435165,0.58022130,0.73839390,0.14291448,0.14718755,-0.37616783,0.90355356,-1.06160831,0.41891855,0.46681774,0.62958109,-0.03838612,0.07783864,-0.33540988,-0.64285547,-0.06626052,0.74852282,-0.10192153,0.40777245,0.10422257,0.23247226,0.44200066,0.33817750,0.42464271,-0.13387308,0.83795929,0.00918513,-0.01485859,-0.01219145,0.56013817,-0.72844309,0.14581552,0.50043684,-0.00826389,-0.07338516,0.01102102
2.75940585,0.58048570,0.73578244,0.11824269,0.14171325,-0.37343057,0.90911255,-1.04484010,0.40431333,0.47879228,0.66261864,-0.04602420,0.10492758,-0.27053848,-0.61817777,-0.05646856,0.76305521,-0.02683182,0.36956027,0.10143724,0.22046965,0.42882997,0.28537235,0.46885607,-0.10927036,0.87195230,0.00788871,-0.00801362,-0.00977616,0.59481233,-0.67735612,0.16213350,0.45321879,-0.00953049,-0.07800285,0.01315698
2.80410242,0.58053601,0.73152763,0.09285593,0.13438290,-0.36807432,0.91533617,-1.02363658,0.38075879,0.47872767,0.70373321,-0.05636297,0.13345622,-0.21839190,-0.58801788,-0.03883749,0.79776537,0.04330851,0.32670796,0.09603552,0.21469025,0.41842940,0.22624379,0.52070379,-0.08413889,0.90156972,0.00691070,0.00004748,-0.00555393,0.63007277,-0.63077486,0.17772149,0.42202762,-0.01091369,-0.07802724,0.01419048
2.84829021,0.58109933,0.72541779,0.06786555,0.12522382,-0.35908695,0.92237185,-1.00100911,0.34730160,0.46538308,0.75103241,-0.06948829,0.16255479,-0.17773105,-0.55293554,-0.01264488,0.85588831,0.10513353,0.28029764,0.08866725,0.20917396,0.40885428,0.15886515,0.57755727,-0.05995195,0.92259461,0.00629461,0.00821814,0.00000000,0.66620594,-0.59040213,0.19152358,0.40760687,-0.01237048,-0.07327089,0.01390427
2.89037490,0.58272523,0.71893454,0.04879701,0.11193589,-0.34569835,0.93036652,-0.97815776,0.30662197,0.43932977,0.80602622,-0.08574408,0.19181611,-0.14836454,-0.51284260,0.02099537,0.93864149,0.15554912,0.23264910,0.07886008,0.20644785,0.39691776,0.08207136,0.63605338,-0.03815014,0.93051708,0.00606898,0.01517607,0.00731329,0.70006603,-0.55705339,0.20284106,0.40844652,-0.01385261,-0.06435681,0.01225155
2.92773271,0.58477110,0.71636540,0.03541756,0.10010205,-0.32505053,0.93971662,-0.95796788,0.25782076,0.41025516,0.87240022,-0.10786892,0.22063556,-0.13196690,-0.46538815,0.05552098,1.03867531,0.19275713,0.18736744,0.06664446,0.20155017,0.39123574,-0.00561362,0.69272339,-0.02002499,0.92203397,0.00624499,0.02006963,0.01467854,0.73008639,-0.52913839,0.21325146,0.42060965,-0.01537155,-0.05294658,0.01004469
2.96573186,0.58737147,0.71255660,0.02303100,0.09181708,-0.29895768,0.94955964,-0.93788713,0.20178181,0.38348329,0.93695188,-0.13811859,0.24784030,-0.12982672,-0.40848505,0.08381977,1.15100634,0.21991543,0.14704098,0.05127411,0.18805549,0.39573029,-0.09929524,0.74313498,-0.00691619,0.89653474,0.00680627,0.02314010,0.02124111,0.76234877,-0.50583923,0.22472113,0.44244772,-0.01693338,-0.03938179,0.00830257
3.00382590,0.58875263,0.70847279,0.01260567,0.08511117,-0.27082498,0.95877579,-0.91213179,0.14024621,0.36162490,0.99204427,-0.17679049,0.27230269,-0.14184757,-0.34532252,0.10437474,1.26981544,0.24005653,0.11356078,0.03250037,0.17732964,0.40498105,-0.19372234,0.78677964,0.00136821,0.85377276,0.00774398,0.02449461,0.02687489,0.79521930,-0.48684624,0.23768115,0.46961334,-0.01847012,-0.02510376,0.00751974
3.04167819,0.59106880,0.70510513,0.00304669,0.08011076,-0.24222338,0.96690269,-0.87842721,0.07877572,0.34277746,1.03475952,-0.22168906,0.29362133,-0.16933480,-0.27946758,0.11689636,1.38726449,0.25472808,0.08830632,0.01109934,0.16725881,0.41584286,-0.28512910,0.82074738,0.00437354,0.79418457,0.00902929,0.02425010,0.03109076,0.82621723,-0.47269997,0.25074333,0.49676460,-0.01987586,-0.01201352,0.00748923
3.07939386,0.59515458,0.70576495,-0.00704569,0.07578165,-0.21485307,0.97367636,-0.83574688,0.02148610,0.32568985,1.06265938,-0.26671469,0.31134281,-0.21209490,-0.21373759,0.12221225,1.49551928,0.26429868,0.07190095,-0.01178345,0.15578324,0.42581123,-0.36903015,0.84429312,0.00231487,0.71977949,0.01062480,0.02298835,0.03374680,0.85462856,-0.46383864,0.26198235,0.51986194,-0.02104945,-0.00151812,0.00777948
3.11719418,0.59796262,0.70666730,-0.01574522,0.07286723,-0.18936901,0.97907192,-0.77788132,-0.02723836,0.30891690,1.07252657,-0.29997075,0.32485896,-0.26731643,-0.15129280,0.12309055,1.58971441,0.26910919,0.06416805,-0.03318775,0.15050414,0.43080834,-0.44082415,0.86154979,-0.00264369,0.63370204,0.01250040,0.02155907,0.03557544,0.88062090,-0.46076146,0.26983482,0.53703034,-0.02190767,0.00586797,0.00808032
3.15583992,0.60134637,0.70989031,-0.02492946,0.07103889,-0.16574086,0.98329139,-0.70838320,-0.06641396,0.29188424,1.06391883,-0.32000196,0.33406633,-0.33333224,-0.09331267,0.12201590,1.66235220,0.26897886,0.06429692,-0.05267427,0.14716838,0.43371907,-0.49909395,0.87238216,-0.01046588,0.53821814,0.01459364,0.02014204,0.03639993,0.90419072,-0.46313116,0.27353239,0.54706877,-0.02239159,0.01026276,0.00828644
3.19535160,0.60513008,0.71545893,-0.03377766,0.07018987,-0.14555395,0.98627912,-0.62924254,-0.09686187,0.27504998,1.03714716,-0.32542363,0.33876696,-0.40567499,-0.03981600,0.11872141,1.70932233,0.26445240,0.07147045,-0.07001541,0.14599757,0.43567109,-0.54340994,0.87882715,-0.01979160,0.43621290,0.01684112,0.01903476,0.03659930,0.92581803,-0.46949974,0.27336434,0.54993081,-0.02246235,0.01208636,0.00859633
3.23531961,0.61011440,0.72319782,-0.04314238,0.06955319,-0.12960457,0.98818204,-0.54238492,-0.11909296,0.25817993,0.99437594,-0.31510079,0.33891514,-0.47963789,0.00965370,0.11216103,1.72885895,0.25634018,0.08434977,-0.08522596,0.14493123,0.43616691,-0.57406706,0.88112521,-0.03034535,0.32933411,0.01917796,0.01779328,0.03615478,0.94485641,-0.47817495,0.26974031,0.54587346,-0.02210959,0.01162387,0.00912380
3.27609396,0.61722535,0.73270130,-0.05406153,0.06927944,-0.11656737,0.98928750,-0.45019022,-0.13300718,0.24114773,0.93937957,-0.28821588,0.33457297,-0.55222547,0.05501353,0.10232295,1.72031295,0.24517699,0.10088781,-0.09674297,0.14212810,0.43681225,-0.59099847,0.88035971,-0.04095722,0.22088839,0.02152588,0.01676835,0.03538607,0.96175021,-0.48819691,0.26290467,0.53673851,-0.02135297,0.00981872,0.00983108
3.31834030,0.62489194,0.74361789,-0.06469446,0.06969007,-0.10626769,0.98978033,-0.35594681,-0.13976222,0.22601411,0.87750113,-0.24451742,0.32579017,-0.62141031,0.09600186,0.08992719,1.68462586,0.23177944,0.11881189,-0.10633100,0.14092976,0.43809679,-0.59579790,0.87707537,-0.05139953,0.11290473,0.02382498,0.01568463,0.03430467,0.97480178,-0.49825943,0.25341138,0.52341843,-0.02023699,0.00705712,0.01073186
3.36162543,0.63225389,0.75635231,-0.07350380,0.07048143,-0.09794449,0.98996790,-0.26405057,-0.14086899,0.21510985,0.81429070,-0.18475598,0.31273958,-0.68437850,0.13195355,0.07549098,1.62404120,0.21742447,0.13644993,-0.11482923,0.14369366,0.43922395,-0.58975154,0.87172383,-0.06156923,0.00736608,0.02602805,0.01431027,0.03292131,0.98286903,-0.50696898,0.24215207,0.50680000,-0.01882999,0.00367731,0.01191962
3.40482783,0.63879657,0.76754415,-0.08022344,0.07069318,-0.09035545,0.99015280,-0.17942740,-0.13516609,0.20903561,0.75467318,-0.11115117,0.29586169,-0.73782331,0.16096297,0.06065476,1.54069221,0.20473351,0.15309761,-0.12238537,0.14916269,0.43767208,-0.57405102,0.86461955,-0.07138545,-0.09395664,0.02810329,0.01241828,0.03127746,0.98594642,-0.51279509,0.23028398,0.48754519,-0.01721693,0.00000000,0.01354944
3.44797039,0.64660078,0.78122121,-0.08521236,0.07040634,-0.08320702,0.99038295,-0.10622400,-0.13331990,0.21048486,0.70999849,-0.03659287,0.27577302,-0.77884269,0.18187749,0.04573957,1.43383253,0.19617708,0.16876544,-0.12889755,0.15353866,0.43496543,-0.54798239,0.85435688,-0.08223992,-0.18844472,0.03001208,0.01034709,0.02896403,0.98313558,-0.51471961,0.21842360,0.46580997,-0.01548611,-0.00465066,0.01555683
3.49126744,0.65513635,0.79424995,-0.08824641,0.06978960,-0.07613511,0.99072975,-0.04628879,-0.13374615,0.21765676,0.68246663,0.03487107,0.25317276,-0.80691504,0.19554557,0.02990673,1.30906129,0.19399212,0.18393452,-0.13478471,0.15460797,0.43051544,-0.51308060,0.84133881,-0.09436580,-0.27471691,0.03174642,0.00800007,0.02594399,0.97563231,-0.51239848,0.20715587,0.44176427,-0.01371947,-0.00977094,0.01789731
3.53520918,0.66312045,0.80552983,-0.08863086,0.06969906,-0.06903911,0.99122158,0.00016771,-0.13620321,0.22942950,0.67405075,0.09895792,0.22921288,-0.82236779,0.20416769,0.01269064,1.17234325,0.19897953,0.19906838,-0.14058192,0.15241061,0.42599553,-0.47023728,0.82595104,-0.10823274,-0.35087162,0.03329640,0.00574559,0.02209032,0.96417105,-0.50595760,0.19687659,0.41599986,-0.01199183,-0.01536003,0.02049054
3.57976866,0.67146069,0.81478715,-0.08745349,0.06949770,-0.06216360,0.99179516,0.03582487,-0.13859724,0.24423201,0.68757504,0.15404622,0.20574658,-0.82668829,0.20939472,-0.00440776,1.02877319,0.21050079,0.21435761,-0.14729525,0.14466345,0.42190009,-0.42015436,0.80838114,-0.12428613,-0.41533726,0.03466045,0.00400568,0.01728539,0.95119834,-0.49548760,0.18806368,0.38962564,-0.01036945,-0.02100908,0.02332068
3.62473345,0.67977375,0.82208109,-0.08531278,0.06879214,-0.05565542,0.99241717,0.06552281,-0.14190413,0.26089680,0.72585648,0.19909334,0.18411697,-0.82126808,0.21283816,-0.01959188,0.88465184,0.22701021,0.22983257,-0.15438591,0.13303281,0.41694528,-0.36327437,0.78876668,-0.14268646,-0.46694940,0.03584230,0.00323525,0.01150897,0.93627203,-0.48114470,0.18095480,0.36223125,-0.00889292,-0.02706128,0.02632580
3.66980672,0.68829083,0.82696116,-0.08258670,0.06683332,-0.05015337,0.99307471,0.08974659,-0.14514826,0.27694479,0.78581601,0.23297222,0.16524518,-0.80803853,0.21624565,-0.03249198,0.74668229,0.24636026,0.24542505,-0.16082655,0.11814748,0.41214171,-0.29998294,0.76738203,-0.16319552,-0.50410742,0.03684307,0.00437162,0.00486617,0.91993910,-0.46404317,0.17517622,0.33468288,-0.00759116,-0.03323708,0.02926608
3.71468425,0.69640589,0.82953489,-0.07907348,0.06305603,-0.04585826,0.99381504,0.10873674,-0.14856271,0.29100904,0.86366987,0.25764945,0.14928535,-0.78808337,0.22114484,-0.04374002,0.62217337,0.26621076,0.26096869,-0.16456506,0.10432134,0.40650833,-0.23153883,0.74507248,-0.18485692,-0.52645350,0.03767168,0.00797930,-0.00228084,0.90033197,-0.44488612,0.17047477,0.30689532,-0.00647154,-0.03976056,0.03197657
3.75942516,0.70426321,0.83018619,-0.07533712,0.05788445,-0.04265791,0.99456222,0.12308227,-0.15205024,0.30263478,0.95484185,0.27562374,0.13622236,-0.76200849,0.22828099,-0.05453902,0.51697594,0.28497624,0.27600425,-0.16425651,0.09247912,0.39925930,-0.15967964,0.72270912,-0.20690024,-0.53430456,0.03833651,0.01449615,-0.00964524,0.87674874,-0.42457110,0.16645256,0.27894256,-0.00552645,-0.04681132,0.03426624
3.80377722,0.71275562,0.82883555,-0.07235485,0.05030553,-0.04014230,0.99530032,0.13458404,-0.15514985,0.31144336,1.05475843,0.28902277,0.12606366,-0.72983062,0.23695403,-0.06599694,0.43473816,0.30335322,0.28997368,-0.15931204,0.08248241,0.38717410,-0.08679634,0.70129728,-0.22847895,-0.52958000,0.03884731,0.02370952,-0.01691438,0.84965181,-0.40385038,0.16273566,0.25127873,-0.00473820,-0.05440241,0.03597435
3.84531021,0.72271234,0.82706988,-0.07074469,0.03873619,-0.03628611,0.99608133,0.14351092,-0.15727369,0.31722981,1.15755045,0.29938728,0.11864255,-0.69126487,0.24458958,-0.07698645,0.37798193,0.32189384,0.30204061,-0.14676034,0.07598521,0.36469811,-0.01607249,0.68231857,-0.24812523,-0.51605320,0.03921716,0.03456287,-0.02355616,0.81750125,-0.38403696,0.15860382,0.22345304,-0.00405771,-0.06298758,0.03684705
3.89174700,0.73243898,0.82132035,-0.06957228,0.03094225,-0.03357387,0.99653152,0.14956461,-0.15816365,0.32076651,1.25534189,0.30738690,0.11365960,-0.65253276,0.25172430,-0.08657961,0.34472796,0.33866122,0.31171286,-0.13322125,0.07336693,0.35008204,0.04749717,0.66929579,-0.26482207,-0.49318275,0.03949544,0.04824096,-0.02934217,0.78652889,-0.36668932,0.15477014,0.19975597,-0.00352630,-0.07060365,0.03717509
3.93636489,0.74208683,0.81402546,-0.06834770,0.02360501,-0.02872491,0.99696854,0.15247871,-0.15745844,0.32177702,1.34035885,0.31363302,0.11078813,-0.61616999,0.25607282,-0.09252013,0.33159366,0.35214975,0.31829473,-0.11404824,0.07262904,0.33876380,0.10332002,0.65859568,-0.28101605,-0.46857509,0.03959735,0.06154505,-0.03503620,0.75672042,-0.35287264,0.15130967,0.17924124,-0.00310198,-0.07792607,0.03701429
3.98201632,0.75384450,0.80515814,-0.06861002,0.02124153,-0.02224243,0.99716936,0.15266484,-0.15647197,0.32145134,1.39723718,0.31780571,0.10956537,-0.58847517,0.25630495,-0.09364232,0.33215111,0.36048070,0.32141724,-0.09430401,0.07097600,0.33267370,0.14032839,0.65288126,-0.29251418,-0.45003921,0.03957992,0.07115372,-0.03914705,0.73336971,-0.34514561,0.14829974,0.16430408,-0.00278961,-0.08389550,0.03645998
