0.00053502,-0.00671921,0.75608182,0.01352620,-0.00259791,-0.03117502,0.99941904,0.22760698,-0.09996510,0.12507263,0.36679640,-0.31091654,0.08434518,-0.51927757,0.03435879,-0.06498677,0.22209974,0.01617744,-0.01867245,-0.11143652,-0.04792785,-0.03590382,0.19052942,0.59086466,-0.35884008,0.46751013,0.07319088,0.02690302,0.06348617,0.42105141,-0.21009518,0.00355369,0.94799322,-0.00134408,0.00000000,0.01636060
0.00861272,-0.00639787,0.75661451,0.01073956,-0.00235455,-0.03129446,0.99944974,0.22521047,-0.08142125,0.12780491,0.40471113,-0.29596856,0.08136518,-0.51529449,0.04817656,-0.06062257,0.23278302,0.02671621,-0.02205994,-0.11186088,-0.04621106,-0.03637619,0.19772896,0.59051049,-0.36071664,0.46922424,0.07343813,0.02767362,0.06331151,0.41914228,-0.20766550,0.00340863,0.95346671,-0.00138293,0.00000000,0.01619343
0.01750287,-0.00644514,0.75698382,0.00795269,-0.00174061,-0.03148616,0.99947103,0.22225429,-0.06229992,0.13032074,0.44530797,-0.27799976,0.07858459,-0.51020759,0.06234263,-0.05649517,0.24480242,0.03679687,-0.02547756,-0.11189985,-0.04482578,-0.03677473,0.20612629,0.58960253,-0.36288851,0.47169566,0.07362802,0.02861287,0.06299499,0.41710836,-0.20493673,0.00423698,0.95808530,-0.00144130,0.00000000,0.01612723
0.02659748,-0.00687349,0.75746101,0.00505835,-0.00141840,-0.03175801,0.99948178,0.21786094,-0.04334415,0.13274725,0.48777345,-0.25730875,0.07598706,-0.50396240,0.07648586,-0.05254642,0.25733754,0.04596031,-0.02894192,-0.11153319,-0.04361419,-0.03720412,0.21565059,0.58827794,-0.36524573,0.47484496,0.07375830,0.02969046,0.06256986,0.41501546,-0.20185475,0.00607961,0.96180743,-0.00152055,0.00000000,0.01617979
0.03588957,-0.00763768,0.75781298,0.00219393,-0.00139058,-0.03208780,0.99948168,0.21182531,-0.02502844,0.13518681,0.53163069,-0.23419216,0.07357334,-0.49599007,0.09010432,-0.04860120,0.26966536,0.05357849,-0.03247813,-0.11074824,-0.04247038,-0.03774964,0.22617736,0.58665979,-0.36768529,0.47853991,0.07382786,0.03084943,0.06206723,0.41289213,-0.19847275,0.00893267,0.96456474,-0.00162216,0.00000000,0.01634621
0.04526716,-0.00870233,0.75830698,-0.00062674,-0.00162538,-0.03247023,0.99947119,0.20399964,-0.00753420,0.13768147,0.57633334,-0.20895222,0.07135170,-0.48658994,0.10316820,-0.04470856,0.28127894,0.05954630,-0.03607831,-0.10954501,-0.04131940,-0.03834847,0.23759922,0.58476752,-0.37016237,0.48269853,0.07384758,0.03205929,0.06149347,0.41067553,-0.19482371,0.01278660,0.96630251,-0.00174833,0.00000000,0.01661919
0.05466476,-0.01005111,0.75898278,-0.00339919,-0.00207394,-0.03290463,0.99945056,0.19431025,0.00909861,0.14023125,0.62132913,-0.18191957,0.06933231,-0.47594601,0.11566383,-0.04091328,0.29184967,0.06382710,-0.03973323,-0.10793470,-0.04006689,-0.03892934,0.24979027,0.58260351,-0.37264210,0.48722270,0.07379256,0.03328229,0.06085168,0.40829286,-0.19097731,0.01761098,0.96697730,-0.00190157,0.00000000,0.01698194
0.06405924,-0.01165837,0.75985283,-0.00616843,-0.00267427,-0.03335643,0.99942091,0.18271211,0.02484133,0.14283250,0.66602916,-0.15345275,0.06752080,-0.46420327,0.12760228,-0.03725656,0.30116773,0.06642299,-0.04343241,-0.10593323,-0.03861741,-0.03942435,0.26260206,0.58018076,-0.37508360,0.49200135,0.07367509,0.03447508,0.06014773,0.40566567,-0.18703203,0.02335879,0.96655685,-0.00208486,0.00000000,0.01741073
0.07334191,-0.01350302,0.76086235,-0.00896043,-0.00341881,-0.03378778,0.99938301,0.16901337,0.03975004,0.14543702,0.70968360,-0.12395352,0.06592045,-0.45149368,0.13904239,-0.03378619,0.30912468,0.06736993,-0.04716269,-0.10357595,-0.03688523,-0.03975176,0.27587327,0.57750493,-0.37744987,0.49690619,0.07349457,0.03558688,0.05938685,0.40274239,-0.18313146,0.02996184,0.96503359,-0.00230170,0.00000000,0.01787239
0.08234481,-0.01545989,0.76062965,-0.01198226,-0.00480710,-0.03415996,0.99933298,0.15242337,0.05390060,0.14800958,0.75109291,-0.09389228,0.06452569,-0.43796006,0.15006660,-0.03054901,0.31569517,0.06673783,-0.05090915,-0.10090988,-0.03482391,-0.03986473,0.28943658,0.57459885,-0.37969527,0.50180417,0.07325130,0.03656520,0.05857822,0.39950702,-0.17945969,0.03733210,0.96243083,-0.00255572,0.00000000,0.01832571
0.09132317,-0.01757298,0.76139039,-0.01465642,-0.00597731,-0.03453285,0.99927821,0.13468356,0.06696960,0.15055718,0.79164964,-0.06491818,0.06337554,-0.42350927,0.16031952,-0.02742237,0.32081580,0.06463476,-0.05467236,-0.09793500,-0.03265615,-0.03999816,0.30335021,0.57133192,-0.38187644,0.50672925,0.07294035,0.03744047,0.05768720,0.39602917,-0.17607822,0.04541153,0.95886928,-0.00285153,0.00000000,0.01874673
0.10049194,-0.01983725,0.76288605,-0.01695007,-0.00716129,-0.03497237,0.99921887,0.11636551,0.07883153,0.15304591,0.83177495,-0.03798342,0.06248395,-0.40816867,0.16955118,-0.02430543,0.32440519,0.06115339,-0.05844814,-0.09465259,-0.03058844,-0.04030844,0.31761336,0.56764942,-0.38400397,0.51168072,0.07255878,0.03822636,0.05669816,0.39235947,-0.17308787,0.05412812,0.95443481,-0.00319346,0.00000000,0.01910798
0.10964531,-0.02213111,0.76450247,-0.01884532,-0.00842047,-0.03550083,0.99915646,0.09709970,0.08953330,0.15542080,0.87072629,-0.01338755,0.06183562,-0.39198327,0.17772505,-0.02116114,0.32644126,0.05637160,-0.06222399,-0.09108797,-0.02869407,-0.04078970,0.33212811,0.56359237,-0.38603061,0.51658791,0.07210670,0.03890185,0.05562083,0.38851234,-0.17062771,0.06339671,0.94916320,-0.00358546,0.00000000,0.01937906
0.11875375,-0.02440525,0.76617783,-0.02033365,-0.00975533,-0.03612971,0.99909260,0.07687677,0.09910317,0.15764527,0.90798432,0.00864994,0.06141122,-0.37502041,0.18481109,-0.01795024,0.32689419,0.05036302,-0.06598577,-0.08727312,-0.02703472,-0.04140838,0.34680057,0.55919665,-0.38791475,0.52139395,0.07158429,0.03945133,0.05446362,0.38447985,-0.16880865,0.07313532,0.94307530,-0.00403116,0.00000000,0.01953472
0.12779480,-0.02660722,0.76783532,-0.02140039,-0.01110147,-0.03686417,0.99902944,0.05575825,0.10755284,0.15973288,0.94310266,0.02795988,0.06118489,-0.35734737,0.19077462,-0.01463364,0.32575786,0.04320936,-0.06971900,-0.08324067,-0.02564284,-0.04213390,0.36155638,0.55450201,-0.38962010,0.52606070,0.07099197,0.03986855,0.05323379,0.38024488,-0.16770446,0.08326849,0.93618602,-0.00453408,0.00000000,0.01955629
0.13680060,-0.02871648,0.76898348,-0.02205014,-0.01238332,-0.03770685,0.99896879,0.03382926,0.11490333,0.16173165,0.97565788,0.04442932,0.06112632,-0.33909541,0.19565471,-0.01121900,0.32312620,0.03508542,-0.07340582,-0.07903381,-0.02452628,-0.04291979,0.37632716,0.54953057,-0.39112282,0.53057057,0.07033011,0.04015629,0.05193447,0.37577716,-0.16734158,0.09373090,0.92851347,-0.00509725,0.00000000,0.01943319
0.14567195,-0.03065507,0.77095163,-0.02246970,-0.01370808,-0.03867686,0.99890505,0.01114567,0.12125982,0.16366480,1.00518882,0.05800669,0.06120669,-0.32059121,0.19976556,-0.00786729,0.31936610,0.02642742,-0.07701941,-0.07468567,-0.02367337,-0.04370074,0.39106938,0.54428107,-0.39241734,0.53493637,0.06959853,0.04033152,0.05056212,0.37103340,-0.16769712,0.10446943,0.92008597,-0.00572350,0.00000000,0.01916353
0.15443629,-0.03241700,0.77182323,-0.02256810,-0.01481865,-0.03977221,0.99884396,-0.01215975,0.12667000,0.16560623,1.03140414,0.06873555,0.06139492,-0.30186242,0.20305844,-0.00454743,0.31457582,0.01733495,-0.08054762,-0.07023345,-0.02304536,-0.04443558,0.40573400,0.53877157,-0.39349318,0.53915131,0.06879857,0.04040012,0.04911743,0.36597839,-0.16875695,0.11542587,0.91092414,-0.00641499,0.00020182,0.01874514
0.16312392,-0.03398084,0.77403992,-0.02254898,-0.01598451,-0.04099208,0.99877710,-0.03587820,0.13116011,0.16764131,1.05416846,0.07672632,0.06166109,-0.28312165,0.20565562,-0.00130311,0.30891016,0.00795781,-0.08397458,-0.06571377,-0.02259310,-0.04509019,0.42026803,0.53303760,-0.39433619,0.54319102,0.06793223,0.04035724,0.04760512,0.36058095,-0.17051113,0.12653907,0.90104222,-0.00717340,0.00046135,0.01817643
0.17168465,-0.03533253,0.77502406,-0.02228743,-0.01684818,-0.04233146,0.99871290,-0.05989483,0.13480954,0.16982226,1.07325709,0.08211954,0.06197963,-0.26437008,0.20751420,0.00189381,0.30250064,-0.00162276,-0.08729072,-0.06115187,-0.02226638,-0.04562454,0.43464059,0.52709419,-0.39494580,0.54705888,0.06700147,0.04021122,0.04602518,0.35481939,-0.17291442,0.13775769,0.89047897,-0.00799999,0.00076841,0.01746213
0.18014078,-0.03646414,0.77736884,-0.02202285,-0.01769331,-0.04378486,0.99864149,-0.08407728,0.13768642,0.17219442,1.08852100,0.08508452,0.06232814,-0.24582663,0.20892435,0.00491656,0.29565355,-0.01115359,-0.09047823,-0.05656480,-0.02202199,-0.04601241,0.44881868,0.52096468,-0.39531973,0.55075210,0.06600904,0.03996539,0.04437995,0.34866896,-0.17592269,0.14902891,0.87926924,-0.00889528,0.00110928,0.01660747
0.18847585,-0.03739860,0.77832830,-0.02159440,-0.01825538,-0.04533958,0.99857135,-0.10828304,0.13985655,0.17478521,1.09987974,0.08580969,0.06268872,-0.22745432,0.20970902,0.00786894,0.28834233,-0.02072542,-0.09353469,-0.05197262,-0.02181456,-0.04623598,0.46276745,0.51468045,-0.39545330,0.55426228,0.06495813,0.03961868,0.04267488,0.34212473,-0.17949869,0.16029781,0.86745584,-0.00985906,0.00147272,0.01561770
0.19670279,-0.03813225,0.77987230,-0.02114916,-0.01869918,-0.04697782,0.99849694,-0.13237245,0.14137617,0.17760916,1.10731888,0.08449257,0.06304754,-0.20937233,0.20999886,0.01071096,0.28070870,-0.03027075,-0.09645035,-0.04738802,-0.02161233,-0.04629351,0.47645372,0.50828320,-0.39533830,0.55757952,0.06385278,0.03916781,0.04091837,0.33518124,-0.18361016,0.17150767,0.85507852,-0.01089041,0.00184460,0.01449784
0.20482910,-0.03869692,0.78191692,-0.02069032,-0.01897365,-0.04867548,0.99842006,-0.15619615,0.14230970,0.18065067,1.11085427,0.08133195,0.06339533,-0.19162251,0.20980272,0.01345977,0.27280781,-0.03980624,-0.09922030,-0.04282804,-0.02138195,-0.04618013,0.48984015,0.50181204,-0.39496621,0.56070209,0.06269698,0.03861186,0.03912006,0.32784986,-0.18822232,0.18260419,0.84219164,-0.01198763,0.00221813,0.01325454
0.21284227,-0.03909572,0.78325057,-0.02020025,-0.01906142,-0.05040419,0.99834264,-0.17964852,0.14274421,0.18385944,1.11044979,0.07651331,0.06372775,-0.17425154,0.20917729,0.01609814,0.26475611,-0.04928203,-0.10183953,-0.03829929,-0.02110752,-0.04590899,0.50289494,0.49529076,-0.39433631,0.56365156,0.06149478,0.03796048,0.03728730,0.32014874,-0.19328219,0.19354123,0.82886493,-0.01314831,0.00259457,0.01189863
0.22075841,-0.03937441,0.78347516,-0.01967061,-0.01901113,-0.05213785,0.99826514,-0.20261778,0.14276470,0.18716531,1.10614753,0.07021020,0.06404436,-0.15732579,0.20814998,0.01862561,0.25661010,-0.05869960,-0.10430542,-0.03381843,-0.02076291,-0.04549205,0.51557392,0.48875338,-0.39344105,0.56644368,0.06025084,0.03721839,0.03543174,0.31210577,-0.19875409,0.20426923,0.81517053,-0.01436923,0.00297530,0.01043940
0.22859301,-0.03955221,0.78456312,-0.01925528,-0.01884572,-0.05383927,0.99818606,-0.22502315,0.14242916,0.19049166,1.09799135,0.06258087,0.06434732,-0.14087416,0.20699669,0.02092397,0.24863313,-0.06790262,-0.10661084,-0.02939437,-0.02035193,-0.04495265,0.52783650,0.48222417,-0.39227763,0.56910801,0.05896956,0.03639618,0.03356366,0.30375332,-0.20459345,0.21474466,0.80118608,-0.01564635,0.00336498,0.00888868
0.23634189,-0.03965485,0.78638697,-0.01893508,-0.01852366,-0.05546731,0.99810907,-0.24677457,0.14177914,0.19376622,1.08611488,0.05377624,0.06464078,-0.12490904,0.20573582,0.02300177,0.24084772,-0.07694051,-0.10875538,-0.02503688,-0.01986920,-0.04430302,0.53964394,0.47573325,-0.39084145,0.57166964,0.05765580,0.03550075,0.03169516,0.29512697,-0.21076900,0.22492275,0.78698593,-0.01697495,0.00376533,0.00725754
0.24402840,-0.03969715,0.78633744,-0.01857448,-0.01816943,-0.05699778,0.99803613,-0.26784083,0.14083830,0.19691962,1.07064998,0.04393243,0.06493051,-0.10946485,0.20419146,0.02494849,0.23314300,-0.08596161,-0.11074393,-0.02076735,-0.01934901,-0.04356981,0.55094296,0.46930113,-0.38913089,0.57415599,0.05631437,0.03453883,0.02983786,0.28626573,-0.21725501,0.23475955,0.77264673,-0.01834955,0.00417958,0.00555582
0.25165516,-0.03971158,0.78699321,-0.01830220,-0.01768343,-0.05838931,0.99796945,-0.28818777,0.13960415,0.19989003,1.05179203,0.03317819,0.06522346,-0.09450227,0.20257246,0.02668583,0.22569199,-0.09491470,-0.11257304,-0.01659679,-0.01880708,-0.04276115,0.56169742,0.46295002,-0.38714644,0.57660031,0.05495010,0.03351867,0.02800312,0.27721074,-0.22402334,0.24421710,0.75824201,-0.01976410,0.00460919,0.00379169
0.25922775,-0.03970051,0.78748095,-0.01805252,-0.01709394,-0.05961311,0.99791191,-0.30780360,0.13806877,0.20261532,1.02974355,0.02163224,0.06552776,-0.08000149,0.20082793,0.02824603,0.21848661,-0.10388296,-0.11424540,-0.01253967,-0.01827951,-0.04188986,0.57186002,0.45668656,-0.38489434,0.57903594,0.05356761,0.03244767,0.02620036,0.26800194,-0.23104250,0.25326255,0.74384779,-0.02121201,0.00505682,0.00195828
0.26677421,-0.03968449,0.78820986,-0.01781512,-0.01643111,-0.06064928,0.99786487,-0.32673621,0.13620414,0.20505391,1.00472331,0.00940096,0.06585104,-0.06592154,0.19898660,0.02962645,0.21158217,-0.11290441,-0.11576224,-0.00861479,-0.01779425,-0.04096410,0.58138776,0.45051292,-0.38238350,0.58149505,0.05217163,0.03133233,0.02443774,0.25868917,-0.23827635,0.26187104,0.72954005,-0.02268627,0.00552589,0.00000000
0.27419478,-0.03968663,0.78830403,-0.01745617,-0.01576823,-0.06148702,0.99783064,-0.34504300,0.13398087,0.20716628,0.97704238,-0.00339440,0.06620190,-0.05238817,0.19673231,0.03097663,0.20470940,-0.12225106,-0.11713120,-0.00483662,-0.01733197,-0.03995953,0.59026134,0.44444916,-0.37961999,0.58399993,0.05076674,0.03017264,0.02272539,0.24931078,-0.24571066,0.27001375,0.71537375,-0.02417953,0.00600867,-0.00175365
0.28151941,-0.03970996,0.78970367,-0.01697427,-0.01519175,-0.06211352,0.99780910,-0.36268848,0.13163541,0.20876649,0.94608039,-0.01600716,0.06658524,-0.03938243,0.19458592,0.03210514,0.19816171,-0.13178150,-0.11834406,-0.00120959,-0.01670207,-0.03889782,0.59849632,0.43853375,-0.37660369,0.58655924,0.04935777,0.02896129,0.02107632,0.23990858,-0.25333774,0.27766785,0.70138663,-0.02568427,0.00648919,-0.00361855
0.28885603,-0.03969726,0.78953356,-0.01706505,-0.01439538,-0.06251311,0.99779440,-0.37916976,0.12957156,0.20955718,0.91087824,-0.02708297,0.06700398,-0.02692137,0.19318171,0.03278184,0.19226524,-0.14131005,-0.11939113,0.00226214,-0.01565259,-0.03785670,0.60614830,0.43280771,-0.37333748,0.58918816,0.04794907,0.02769377,0.01950204,0.23055352,-0.26115561,0.28481659,0.68762022,-0.02719291,0.00695463,-0.00552088
0.29624599,-0.03971076,0.78914082,-0.01760352,-0.01350208,-0.06269311,0.99778624,-0.39416981,0.12803872,0.20935565,0.87148213,-0.03590446,0.06746972,-0.01494111,0.19295307,0.03284538,0.18732446,-0.15067388,-0.12026656,0.00559465,-0.01400087,-0.03693316,0.61328965,0.42728263,-0.36983991,0.59193510,0.04654443,0.02638368,0.01800649,0.22133911,-0.26912996,0.29146275,0.67414254,-0.02869780,0.00740757,-0.00743020
0.30370742,-0.03974869,0.78859049,-0.01860523,-0.01254968,-0.06267655,0.99778154,-0.40767178,0.12708263,0.20814373,0.82838905,-0.04225942,0.06799085,-0.00339900,0.19387873,0.03231465,0.18337852,-0.15993093,-0.12096991,0.00878850,-0.01173495,-0.03619437,0.61995870,0.42195591,-0.36613318,0.59485227,0.04514723,0.02504736,0.01659132,0.21234010,-0.27721530,0.29761413,0.66101962,-0.03019141,0.00785151,-0.00933166
0.31131360,-0.03981327,0.78786176,-0.02007526,-0.01150811,-0.06248617,0.99777754,-0.41959336,0.12672897,0.20592116,0.78217274,-0.04598300,0.06857423,0.00779710,0.19596842,0.03120434,0.18047561,-0.16916038,-0.12149668,0.01184605,-0.00888914,-0.03569577,0.62618750,0.41682303,-0.36224040,0.59798741,0.04376060,0.02369988,0.01525718,0.20360786,-0.28537545,0.30327508,0.64830136,-0.03166651,0.00828485,-0.01121672
0.31928006,-0.03985405,0.78762770,-0.02209002,-0.01010593,-0.06213963,0.99777180,-0.42955795,0.12691823,0.20271923,0.73354930,-0.04691294,0.06922244,0.01898812,0.19939005,0.02945966,0.17889822,-0.17833619,-0.12183905,0.01476534,-0.00558027,-0.03547066,0.63197190,0.41188037,-0.35817873,0.60138190,0.04238766,0.02235477,0.01400633,0.19515678,-0.29356593,0.30845195,0.63602751,-0.03311616,0.00870224,-0.01307884
0.32719854,-0.03991684,0.78465629,-0.02423292,-0.00872964,-0.06166136,0.99776472,-0.43859977,0.12717828,0.19884707,0.68354839,-0.04647310,0.06993622,0.02953368,0.20273127,0.02765771,0.17755324,-0.18828589,-0.12201153,0.01753254,-0.00212230,-0.03529780,0.63720000,0.40711960,-0.35395923,0.60504490,0.04103159,0.02101119,0.01284304,0.18688031,-0.30173966,0.31313863,0.62419838,-0.03453422,0.00908216,-0.01491877
0.33505586,-0.03998167,0.78393716,-0.02621842,-0.00743286,-0.06104953,0.99776265,-0.44733948,0.12725978,0.19445758,0.63273454,-0.04562993,0.07071592,0.03992932,0.20606714,0.02575182,0.17685789,-0.19890331,-0.12199222,0.02013295,0.00123540,-0.03507874,0.64174837,0.40250540,-0.34959808,0.60900694,0.03969528,0.01968152,0.01176866,0.17875193,-0.30981296,0.31735787,0.61287200,-0.03591461,0.00943558,-0.01672680
0.34287810,-0.04003616,0.78292727,-0.02806979,-0.00626288,-0.06029511,0.99776619,-0.45612472,0.12699595,0.18963824,0.58152694,-0.04507169,0.07156011,0.05007650,0.20913225,0.02383878,0.17673829,-0.21028498,-0.12179589,0.02256199,0.00431678,-0.03471719,0.64551020,0.39800361,-0.34511256,0.61329985,0.03838120,0.01838111,0.01078415,0.17076397,-0.31770343,0.32113931,0.60211599,-0.03725164,0.00978153,-0.01849208
0.35068351,-0.04007372,0.78064179,-0.02973348,-0.00538263,-0.05942083,0.99777558,-0.46475229,0.12632810,0.18441837,0.53045541,-0.04479722,0.07246355,0.05983483,0.21185711,0.02195537,0.17713886,-0.22251493,-0.12140045,0.02481538,0.00706076,-0.03421532,0.64845479,0.39361441,-0.34051451,0.61793494,0.03709221,0.01711547,0.00989274,0.16290900,-0.32537928,0.32449535,0.59195399,-0.03854053,0.01011797,-0.02021275
0.35843655,-0.04010319,0.77994490,-0.03136468,-0.00405597,-0.05842990,0.99779044,-0.47314623,0.12520231,0.17884080,0.48002955,-0.04477618,0.07341848,0.06946272,0.21441945,0.02003835,0.17833139,-0.23552929,-0.12079549,0.02690342,0.00944355,-0.03357966,0.65058506,0.38933611,-0.33582234,0.62292129,0.03583073,0.01589082,0.00909492,0.15518233,-0.33282250,0.32743746,0.58240205,-0.03977730,0.01044164,-0.02188910
0.36619452,-0.04010860,0.77901012,-0.03285003,-0.00309229,-0.05738235,0.99780688,-0.48127884,0.12353090,0.17297059,0.43076205,-0.04496789,0.07441408,0.07863139,0.21656357,0.01817242,0.18014111,-0.24932581,-0.11997464,0.02883007,0.01143468,-0.03283483,0.65190095,0.38515967,-0.33105728,0.62825596,0.03459922,0.01470938,0.00838993,0.14759210,-0.34001362,0.32998329,0.57347196,-0.04095850,0.01075029,-0.02352018
0.37399665,-0.04007208,0.77614754,-0.03401011,-0.00218313,-0.05630684,0.99783169,-0.48911241,0.12125906,0.16686545,0.38315439,-0.04530567,0.07543989,0.08738221,0.21809497,0.01638833,0.18269350,-0.26367941,-0.11892976,0.03060929,0.01302884,-0.03198221,0.65241599,0.38107085,-0.32624558,0.63393748,0.03340004,0.01357686,0.00777481,0.14015886,-0.34693822,0.33215359,0.56518430,-0.04208121,0.01104839,-0.02510465
0.38183138,-0.04001965,0.77503765,-0.03507710,-0.00079319,-0.05521715,0.99785772,-0.49663776,0.11832108,0.16059947,0.33769369,-0.04570081,0.07648555,0.09617919,0.21917275,0.01457581,0.18650882,-0.27817684,-0.11764780,0.03225731,0.01422741,-0.03107325,0.65217417,0.37705600,-0.32141796,0.63995713,0.03223553,0.01249765,0.00724485,0.13291088,-0.35359132,0.33396879,0.55754203,-0.04314326,0.01133454,-0.02664237
0.38970694,-0.03991240,0.77240068,-0.03582799,-0.00008880,-0.05418670,0.99788784,-0.50370073,0.11469030,0.15423641,0.29487336,-0.04602665,0.07754339,0.10430054,0.21947248,0.01289946,0.19097993,-0.29318386,-0.11612447,0.03378534,0.01503426,-0.03013711,0.65120858,0.37309840,-0.31660482,0.64629978,0.03110790,0.01147562,0.00679496,0.12588544,-0.35996431,0.33545431,0.55055273,-0.04414288,0.01161241,-0.02813161
0.39755899,-0.03973470,0.77096623,-0.03642201,0.00088999,-0.05321168,0.99791841,-0.51011509,0.11036830,0.14784400,0.25514287,-0.04613641,0.07860897,0.11212887,0.21918498,0.01127891,0.19643667,-0.30853218,-0.11434667,0.03520640,0.01548612,-0.02920759,0.64958465,0.36918116,-0.31184313,0.65294707,0.03001947,0.01051583,0.00641757,0.11913952,-0.36605537,0.33663809,0.54422116,-0.04507887,0.01188623,-0.02956992
0.40545750,-0.03950299,0.76876235,-0.03673678,0.00178289,-0.05233174,0.99795221,-0.51575387,0.10541403,0.14149036,0.21885271,-0.04586956,0.07968120,0.11953262,0.21807699,0.00975933,0.20286688,-0.32400656,-0.11231143,0.03653071,0.01561791,-0.02835227,0.64737612,0.36529076,-0.30716836,0.65987951,0.02897246,0.00962541,0.00610554,0.11273757,-0.37186188,0.33754984,0.53854543,-0.04595051,0.01215956,-0.03095418
0.41343862,-0.03919704,0.76776457,-0.03692269,0.00297639,-0.05154145,0.99798363,-0.52041531,0.09992476,0.13524403,0.18630996,-0.04504933,0.08076223,0.12678121,0.21639757,0.00825380,0.21051681,-0.33953744,-0.11000852,0.03775770,0.01547362,-0.02764682,0.64466345,0.36140537,-0.30262142,0.66708070,0.02796911,0.00881622,0.00584930,0.10678812,-0.37736824,0.33823273,0.53354132,-0.04675716,0.01244714,-0.03227588
0.42151952,-0.03879969,0.76679480,-0.03692430,0.00389165,-0.05087483,0.99801463,-0.52400303,0.09402193,0.12918046,0.15771720,-0.04350801,0.08185693,0.13354535,0.21397802,0.00682426,0.21913871,-0.35516211,-0.10743698,0.03889504,0.01510028,-0.02713806,0.64154202,0.35751629,-0.29824063,0.67452556,0.02701167,0.00809801,0.00564035,0.10136724,-0.38257304,0.33871889,0.52919757,-0.04749877,0.01275205,-0.03353033
0.42975861,-0.03829380,0.76381230,-0.03656035,0.00431153,-0.05034065,0.99805339,-0.52638191,0.08782350,0.12337322,0.13321914,-0.04107910,0.08297008,0.13969518,0.21070956,0.00546160,0.22877960,-0.37055668,-0.10459694,0.03993274,0.01454178,-0.02687457,0.63809067,0.35360742,-0.29406548,0.68218678,0.02610245,0.00748251,0.00546941,0.09659017,-0.38746053,0.33905280,0.52552426,-0.04817523,0.01308961,-0.03470733
0.43800050,-0.03770209,0.76164055,-0.03608530,0.00483619,-0.04991114,0.99808985,-0.52749759,0.08142437,0.11788999,0.11286041,-0.03762477,0.08410547,0.14541230,0.20676450,0.00407341,0.23971306,-0.38547292,-0.10148641,0.04086987,0.01384983,-0.02690663,0.63441992,0.34967792,-0.29013315,0.69004464,0.02524374,0.00698689,0.00532814,0.09256948,-0.39201885,0.33927652,0.52252012,-0.04878668,0.01347095,-0.03579704
0.44661620,-0.03702911,0.76069504,-0.03557985,0.00537179,-0.04955863,0.99812282,-0.52724135,0.07492065,0.11278049,0.09663811,-0.03300823,0.08526494,0.15135504,0.20243007,0.00242052,0.25293970,-0.39888775,-0.09810232,0.04169562,0.01303782,-0.02734974,0.63059789,0.34570089,-0.28648520,0.69808704,0.02443790,0.00663551,0.00520610,0.08947356,-0.39619520,0.33945742,0.52022076,-0.04933261,0.01392744,-0.03677824
0.45549503,-0.03625611,0.75871807,-0.03482336,0.00566055,-0.04929804,0.99816081,-0.52562892,0.06826983,0.10811729,0.08447625,-0.02713557,0.08644658,0.15703841,0.19740450,0.00055492,0.26826763,-0.41038027,-0.09445500,0.04241078,0.01210574,-0.02817561,0.62668270,0.34168330,-0.28315207,0.70625895,0.02368728,0.00643065,0.00509775,0.08733694,-0.39998883,0.33961949,0.51858526,-0.04981384,0.01445274,-0.03764639
0.46457881,-0.03539022,0.75739932,-0.03395206,0.00584759,-0.04914415,0.99819733,-0.52272254,0.06138403,0.10397343,0.07623470,-0.01995268,0.08764775,0.16234089,0.19165626,-0.00152006,0.28562266,-0.41983685,-0.09055243,0.04300994,0.01101229,-0.02931391,0.62268615,0.33762917,-0.28016165,0.71448153,0.02299442,0.00636329,0.00499854,0.08615546,-0.40341103,0.33977363,0.51755959,-0.05023142,0.01503461,-0.03840082
0.47384137,-0.03442279,0.75716561,-0.03294355,0.00599946,-0.04909289,0.99823275,-0.51871413,0.05416105,0.10042350,0.07165767,-0.01147109,0.08886673,0.16718052,0.18506545,-0.00379080,0.30499655,-0.42697278,-0.08640812,0.04349203,0.00969712,-0.03065555,0.61859363,0.33354309,-0.27753860,0.72267067,0.02236185,0.00642213,0.00490491,0.08590859,-0.40646398,0.33993119,0.51709074,-0.05058625,0.01566134,-0.03903930
0.48321989,-0.03333052,0.75596660,-0.03150320,0.00582956,-0.04914356,0.99827775,-0.51394320,0.04643476,0.09754237,0.07040463,-0.00175454,0.09010115,0.17116712,0.17714533,-0.00619774,0.32637542,-0.43070087,-0.08204629,0.04385756,0.00808652,-0.03206348,0.61438507,0.32944816,-0.27530113,0.73072112,0.02179201,0.00658403,0.00481613,0.08650646,-0.40918699,0.34007344,0.51709580,-0.05087984,0.01630128,-0.03957036
0.49264106,-0.03213943,0.75492126,-0.02972472,0.00547018,-0.04927051,0.99832807,-0.50873917,0.03808750,0.09537894,0.07209839,0.00912090,0.09134904,0.17429349,0.16797124,-0.00873973,0.34970006,-0.43110678,-0.07748391,0.04410269,0.00613579,-0.03339818,0.60999626,0.32534447,-0.27346793,0.73854804,0.02128727,0.00683691,0.00473059,0.08795173,-0.41155642,0.34022447,0.51753414,-0.05111204,0.01696001,-0.03998377
0.50197136,-0.03082778,0.75538129,-0.02745527,0.00437493,-0.04945981,0.99838910,-0.50395948,0.02904194,0.09396857,0.07611050,0.02103333,0.09261014,0.17647418,0.15761653,-0.01141607,0.37488562,-0.42821512,-0.07274003,0.04422759,0.00385946,-0.03456439,0.60538262,0.32124019,-0.27205426,0.74607283,0.02084991,0.00717073,0.00464812,0.09026720,-0.41354552,0.34041086,0.51840454,-0.05128221,0.01764692,-0.04026658
0.51142842,-0.02943781,0.75511700,-0.02509815,0.00355473,-0.04971993,0.99844147,-0.49808732,0.01972835,0.09308476,0.08250175,0.03323949,0.09388325,0.17768018,0.14637633,-0.01429646,0.40192369,-0.42211244,-0.06783053,0.04424752,0.00138150,-0.03572138,0.60067117,0.31721994,-0.27105886,0.75321722,0.02048210,0.00757092,0.00457496,0.09342186,-0.41523248,0.34060031,0.51959628,-0.05139138,0.01831809,-0.04043003
0.52102727,-0.02796702,0.75488263,-0.02263635,0.00263748,-0.05007339,0.99848550,-0.49128181,0.01032160,0.09261601,0.09073061,0.04524323,0.09516706,0.17785226,0.13446100,-0.01742333,0.43077236,-0.41285723,-0.06277568,0.04413090,-0.00119543,-0.03692564,0.59592134,0.31333953,-0.27048364,0.75991136,0.02018591,0.00802589,0.00451553,0.09742308,-0.41664535,0.34078777,0.52105325,-0.05143939,0.01895751,-0.04047270
0.53083783,-0.02644088,0.75454688,-0.02014631,0.00161118,-0.05052084,0.99851849,-0.48324406,0.00099834,0.09243378,0.10044120,0.05655450,0.09646192,0.17694655,0.12205039,-0.02082901,0.46139604,-0.40051442,-0.05759938,0.04388688,-0.00379078,-0.03821130,0.59116173,0.30966848,-0.27031964,0.76608139,0.01996321,0.00852018,0.00447822,0.10224620,-0.41781780,0.34095541,0.52271217,-0.05141861,0.01954443,-0.04039706
0.54073316,-0.02485323,0.75437915,-0.01762694,0.00045238,-0.05102164,0.99854188,-0.47439772,-0.00829839,0.09252063,0.11114074,0.06699950,0.09777085,0.17492071,0.10919724,-0.02449635,0.49371096,-0.38513443,-0.05233188,0.04350153,-0.00639511,-0.03949896,0.58632594,0.30623889,-0.27056181,0.77165788,0.01981577,0.00903923,0.00445795,0.10788265,-0.41873470,0.34110627,0.52456135,-0.05134264,0.02008372,-0.04019582
0.55065775,-0.02323495,0.75438774,-0.01507080,-0.00086047,-0.05153072,0.99855732,-0.46493322,-0.01761105,0.09285508,0.12245161,0.07643391,0.09909873,0.17172264,0.09595576,-0.02840197,0.52760166,-0.36679927,-0.04700512,0.04295191,-0.00900495,-0.04072000,0.58134931,0.30309176,-0.27119842,0.77658021,0.01974480,0.00956979,0.00448255,0.11431155,-0.41939205,0.34123099,0.52658707,-0.05120261,0.02057773,-0.03986575
0.56058002,-0.02158774,0.75457901,-0.01248592,-0.00230464,-0.05200714,0.99856600,-0.45491946,-0.02697792,0.09341498,0.13405938,0.08472794,0.10045093,0.16733843,0.08239030,-0.03251948,0.56293768,-0.34561893,-0.04165233,0.04221607,-0.01163117,-0.04184090,0.57616752,0.30026606,-0.27221581,0.78079152,0.01976527,0.01009804,0.00454844,0.12149440,-0.41978648,0.34131414,0.52876562,-0.05099722,0.02102190,-0.03940595
0.57049745,-0.01992121,0.75495487,-0.00987727,-0.00386796,-0.05241364,0.99856912,-0.44440472,-0.03640885,0.09417372,0.14566621,0.09176125,0.10183351,0.16175789,0.06855564,-0.03680861,0.59954518,-0.32173768,-0.03630803,0.04127041,-0.01428665,-0.04284534,0.57073772,0.29780447,-0.27359706,0.78425205,0.01985085,0.01061482,0.00466289,0.12938814,-0.41992462,0.34133515,0.53107375,-0.05072511,0.02141011,-0.03881880
0.58037603,-0.01825693,0.75549936,-0.00725347,-0.00551920,-0.05273754,0.99856681,-0.43340990,-0.04592582,0.09510959,0.15700638,0.09743072,0.10325089,0.15500191,0.05451529,-0.04122334,0.63721031,-0.29533866,-0.03100721,0.04008899,-0.01698536,-0.04372524,0.56502610,0.29574814,-0.27532333,0.78693235,0.02001587,0.01111338,0.00483258,0.13794962,-0.41981459,0.34126231,0.53349262,-0.05038491,0.02173598,-0.03810757
0.59022039,-0.01659235,0.75621963,-0.00460869,-0.00722726,-0.05296325,0.99855967,-0.42192528,-0.05552646,0.09619709,0.16785432,0.10165837,0.10470756,0.14706786,0.04032052,-0.04569951,0.67563862,-0.26665977,-0.02578561,0.03866879,-0.01973108,-0.04448095,0.55901235,0.29413885,-0.27737182,0.78881496,0.02026036,0.01158957,0.00506439,0.14710687,-0.41945681,0.34107086,0.53599030,-0.04997573,0.02198546,-0.03727655
0.60000342,-0.01496390,0.75709933,-0.00195014,-0.00897698,-0.05310887,0.99854647,-0.40995780,-0.06523164,0.09741789,0.17800656,0.10438244,0.10620534,0.13791718,0.02600751,-0.05015672,0.71444046,-0.23598465,-0.02067949,0.03698945,-0.02253912,-0.04510208,0.55267757,0.29301494,-0.27971825,0.78989005,0.02058426,0.01203997,0.00536461,0.15679286,-0.41886356,0.34072539,0.53854597,-0.04949670,0.02214749,-0.03633300
0.60968822,-0.01335372,0.75809884,0.00073242,-0.01074245,-0.05318141,0.99852682,-0.39748928,-0.07504915,0.09875008,0.18730244,0.10555664,0.10774568,0.12742592,0.01159487,-0.05450005,0.75309700,-0.20364162,-0.01572523,0.03506560,-0.02541632,-0.04556118,0.54601896,0.29241514,-0.28233463,0.79016066,0.02098709,0.01246478,0.00573947,0.16690326,-0.41804019,0.34018865,0.54112625,-0.04894734,0.02220372,-0.03528558
0.61915755,-0.01179828,0.75805801,0.00363362,-0.01298857,-0.05320931,0.99849230,-0.38453412,-0.08498784,0.10016993,0.19559568,0.10514538,0.10932834,0.11503136,-0.00288594,-0.05865207,0.79073125,-0.17000413,-0.01095561,0.03288823,-0.02834689,-0.04583509,0.53903663,0.29237446,-0.28519142,0.78963888,0.02146805,0.01286547,0.00619480,0.17735711,-0.41700280,0.33942005,0.54371774,-0.04832735,0.02214355,-0.03414449
0.62839115,-0.01032689,0.75844389,0.00632858,-0.01493757,-0.05315781,0.99845434,-0.37094012,-0.09486282,0.10159325,0.20279501,0.10314972,0.11095674,0.10124572,-0.01714086,-0.06264579,0.82770336,-0.13629505,-0.00639293,0.03045678,-0.03121526,-0.04602920,0.53176051,0.29288247,-0.28826985,0.78839302,0.02202567,0.01327145,0.00672975,0.18820745,-0.41570237,0.33842745,0.54640484,-0.04763465,0.02200508,-0.03290014
0.63788480,-0.00888745,0.75977731,0.00872445,-0.01678308,-0.05294192,0.99841843,-0.35655597,-0.10425217,0.10286536,0.20877340,0.09958950,0.11263912,0.08731892,-0.03070975,-0.06661267,0.86544937,-0.10414485,-0.00204901,0.02776796,-0.03382325,-0.04635984,0.52422720,0.29386622,-0.29156858,0.78653687,0.02265794,0.01373481,0.00733449,0.19963309,-0.41402510,0.33726487,0.54937309,-0.04686594,0.02187693,-0.03152382
0.64739221,-0.00751796,0.76131344,0.01083171,-0.01855864,-0.05257499,0.99838576,-0.34143782,-0.11318524,0.10396498,0.21345465,0.09445538,0.11437006,0.07267322,-0.04360661,-0.07049717,0.90315342,-0.07386992,0.00205296,0.02483091,-0.03615180,-0.04678574,0.51644933,0.29534468,-0.29505497,0.78410017,0.02336296,0.01425807,0.00801235,0.21153954,-0.41198772,0.33588997,0.55262232,-0.04602184,0.02175156,-0.03002851
0.65682584,-0.00623650,0.76289576,0.01271248,-0.02033022,-0.05207253,0.99835541,-0.32571980,-0.12171095,0.10487928,0.21675216,0.08773305,0.11614216,0.05708759,-0.05585746,-0.07423458,0.94015306,-0.04574022,0.00589386,0.02167036,-0.03820975,-0.04721744,0.50841683,0.29732445,-0.29869637,0.78110307,0.02413860,0.01483750,0.00876571,0.22380652,-0.40958983,0.33426794,0.55614424,-0.04510333,0.02161619,-0.02842544
0.66607809,-0.00502343,0.76471108,0.01439083,-0.02209321,-0.05146229,0.99832681,-0.30974722,-0.12988965,0.10560712,0.21850665,0.07941941,0.11794464,0.04051802,-0.06744996,-0.07778917,0.97588003,-0.01999906,0.00946182,0.01831372,-0.04001700,-0.04757911,0.50012559,0.29980636,-0.30246049,0.77756876,0.02498253,0.01546889,0.00959601,0.23633203,-0.40683159,0.33236808,0.55994081,-0.04411193,0.02146287,-0.02672498
0.67526382,-0.00390912,0.76655525,0.01582736,-0.02382128,-0.05079227,0.99829965,-0.29307941,-0.13746172,0.10611693,0.21917517,0.07024688,0.11976748,0.02298931,-0.07830049,-0.08118679,1.00991631,0.00313907,0.01275429,0.01479558,-0.04156131,-0.04791152,0.49162972,0.30281842,-0.30630875,0.77351320,0.02589214,0.01614218,0.01050721,0.24902768,-0.40374234,0.33015209,0.56398147,-0.04305010,0.02126598,-0.02494246
0.68449193,-0.00290085,0.76914787,0.01703322,-0.02597804,-0.05007828,0.99826208,-0.27587676,-0.14434370,0.10640967,0.21883939,0.06058109,0.12159739,0.00454152,-0.08833887,-0.08446370,1.04184616,0.02350999,0.01577302,0.01114775,-0.04284958,-0.04821816,0.48295841,0.30637288,-0.31020418,0.76895452,0.02686482,0.01684735,0.01150170,0.26181114,-0.40033785,0.32759136,0.56825310,-0.04192059,0.02100868,-0.02309019
0.69354910,-0.00199680,0.77106130,0.01793689,-0.02761180,-0.04933625,0.99823935,-0.25810918,-0.15048814,0.10648122,0.21763201,0.05066761,0.12342165,-0.01476260,-0.09753659,-0.08764401,1.07124484,0.04101922,0.01852215,0.00738608,-0.04388661,-0.04845113,0.47411790,0.31045848,-0.31411546,0.76391917,0.02789740,0.01757834,0.01257881,0.27462602,-0.39660752,0.32467654,0.57277316,-0.04072624,0.02069076,-0.02117348
0.70254272,-0.00121085,0.77211213,0.01853150,-0.02873369,-0.04857403,0.99823420,-0.23961194,-0.15573046,0.10632440,0.21584806,0.04099021,0.12522794,-0.03475701,-0.10583165,-0.09079204,1.09788942,0.05567782,0.02101289,0.00351456,-0.04469048,-0.04862623,0.46512932,0.31507644,-0.31800744,0.75842029,0.02898667,0.01832171,0.01373952,0.28739533,-0.39257571,0.32138166,0.57752842,-0.03947106,0.02029672,-0.01920609
0.71155399,-0.00054838,0.77446401,0.01894641,-0.03058431,-0.04775464,0.99821096,-0.22114418,-0.16026880,0.10598435,0.21317463,0.03136370,0.12699935,-0.05531020,-0.11319785,-0.09396116,1.12153387,0.06756262,0.02325908,-0.00047777,-0.04528064,-0.04872578,0.45598763,0.32020983,-0.32184875,0.75247735,0.03012924,0.01906725,0.01498266,0.30005211,-0.38824415,0.31769624,0.58252531,-0.03815944,0.01982252,-0.01719679
0.72034705,0.00000503,0.77545285,0.01909673,-0.03151166,-0.04690218,0.99821967,-0.20226194,-0.16401531,0.10544912,0.20998071,0.02206884,0.12872504,-0.07622427,-0.11962915,-0.09719384,1.14198720,0.07680668,0.02527642,-0.00458905,-0.04569407,-0.04873274,0.44668558,0.32582429,-0.32561547,0.74611384,0.03132125,0.01980698,0.01630341,0.31253722,-0.38362050,0.31361073,0.58777875,-0.03679628,0.01926992,-0.01515538
0.72911525,0.00043768,0.77771139,0.01912439,-0.03313852,-0.04596269,0.99821016,-0.18366189,-0.16721769,0.10476867,0.20597473,0.01283013,0.13038921,-0.09739867,-0.12514567,-0.10052196,1.15908706,0.08357494,0.02708222,-0.00879337,-0.04597156,-0.04861873,0.43721050,0.33189169,-0.32928121,0.73934609,0.03255878,0.02052909,0.01769800,0.32479995,-0.37872040,0.30911675,0.59329593,-0.03538726,0.01863846,-0.01309285
0.73767734,0.00077138,0.77860171,0.01895452,-0.03389797,-0.04496574,0.99823331,-0.16487482,-0.16976643,0.10392865,0.20154202,0.00391001,0.13198286,-0.11863521,-0.12977785,-0.10396373,1.17273510,0.08807328,0.02869381,-0.01304690,-0.04613677,-0.04839123,0.42755494,0.33838245,-0.33282134,0.73219770,0.03383761,0.02122592,0.01916177,0.33679533,-0.37356135,0.30420920,0.59908909,-0.03393853,0.01793174,-0.01102065
0.74619508,0.00101138,0.78074819,0.01871753,-0.03527395,-0.04387653,0.99823858,-0.14649764,-0.17190877,0.10297631,0.19643377,-0.00497741,0.13349219,-0.13980368,-0.13356031,-0.10753499,1.18286586,0.09052029,0.03012910,-0.01731983,-0.04622753,-0.04805618,0.41772124,0.34526473,-0.33621603,0.72468925,0.03515323,0.02188862,0.02068832,0.34848458,-0.36817288,0.29888284,0.60516357,-0.03245679,0.01715156,-0.00895189
0.75451148,0.00116033,0.78146434,0.01834184,-0.03584410,-0.04273266,0.99827486,-0.12809238,-0.17352130,0.10189895,0.19101375,-0.01358469,0.13490979,-0.16072196,-0.13653252,-0.11123506,1.18944359,0.09114341,0.03140488,-0.02158964,-0.04625621,-0.04762491,0.40772086,0.35250309,-0.33944777,0.71685058,0.03650095,0.02251286,0.02227022,0.35982785,-0.36257461,0.29314139,0.61152482,-0.03094919,0.01630207,-0.00689708
0.76278472,0.00122691,0.78345811,0.01792848,-0.03696838,-0.04150891,0.99829300,-0.11017063,-0.17485146,0.10074013,0.18505730,-0.02220942,0.13622390,-0.18127824,-0.13874534,-0.11504704,1.19246638,0.09015954,0.03253639,-0.02585020,-0.04623483,-0.04711290,0.39756602,0.36006707,-0.34249955,0.70870447,0.03787585,0.02309186,0.02390020,0.37078315,-0.35679847,0.28698650,0.61816728,-0.02942330,0.01538383,-0.00486710
0.77086544,0.00123478,0.78397572,0.01741970,-0.03734495,-0.04024375,0.99833980,-0.09230410,-0.17572364,0.09947609,0.17890780,-0.03061827,0.13743058,-0.20134464,-0.14023735,-0.11895363,1.19192898,0.08776798,0.03353769,-0.03008804,-0.04618206,-0.04653213,0.38728425,0.36792189,-0.34535882,0.70028651,0.03927288,0.02362532,0.02556933,0.38131127,-0.35087413,0.28042597,0.62509084,-0.02788680,0.01440264,-0.00286831
0.77891082,0.00118406,0.78570873,0.01689386,-0.03820847,-0.03892398,0.99836849,-0.07494120,-0.17636339,0.09814148,0.17234674,-0.03912087,0.13852075,-0.22086994,-0.14105718,-0.12292311,1.18786442,0.08414823,0.03442059,-0.03430309,-0.04610464,-0.04589797,0.37689438,0.37604365,-0.34801012,0.69162309,0.04068644,0.02410895,0.02727080,0.39137590,-0.34484017,0.27346659,0.63228607,-0.02634767,0.01336133,-0.00090531
0.78681839,0.00109195,0.78557807,0.01627565,-0.03833825,-0.03758729,0.99842500,-0.05764441,-0.17650251,0.09669168,0.16570210,-0.04748183,0.13949440,-0.23974732,-0.14124703,-0.12691294,1.18033385,0.07946926,0.03519440,-0.03848372,-0.04601052,-0.04521344,0.36642453,0.38439846,-0.35044402,0.68274885,0.04211112,0.02454351,0.02899531,0.40093893,-0.33873183,0.26612085,0.63974679,-0.02481365,0.01226708,0.00101912
0.79459554,0.00097494,0.78647858,0.01570135,-0.03877683,-0.03623491,0.99846725,-0.04102707,-0.17660952,0.09521325,0.15866454,-0.05619503,0.14034492,-0.25792691,-0.14089739,-0.13083567,1.16931593,0.07387648,0.03586292,-0.04262665,-0.04595538,-0.04448599,0.35590053,0.39292857,-0.35266301,0.67371434,0.04354098,0.02493823,0.03072894,0.40996796,-0.33257097,0.25840834,0.64748234,-0.02329263,0.01113769,0.00290037
0.80236357,0.00084841,0.78628546,0.01516539,-0.03905219,-0.03489071,0.99851268,-0.02464547,-0.17667311,0.09380417,0.15184426,-0.06467041,0.14107405,-0.27539596,-0.14008434,-0.13461484,1.15478766,0.06749690,0.03642837,-0.04671850,-0.04597548,-0.04374396,0.34537336,0.40157706,-0.35467345,0.66457754,0.04496983,0.02530676,0.03245701,0.41844442,-0.32638493,0.25035173,0.65550661,-0.02179210,0.00999567,0.00472804
0.81003177,0.00072310,0.78743637,0.01474917,-0.03902535,-0.03358054,0.99856489,-0.00868495,-0.17692228,0.09249888,0.14513823,-0.07320521,0.14167888,-0.29210365,-0.13886410,-0.13818076,1.13686049,0.06045319,0.03689141,-0.05074630,-0.04608153,-0.04297968,0.33486876,0.41030908,-0.35647210,0.65537208,0.04639193,0.02565056,0.03417026,0.42632654,-0.32021549,0.24196813,0.66380328,-0.02031935,0.00885012,0.00648475
0.81766558,0.00059335,0.78864485,0.01442873,-0.03923025,-0.03231681,0.99860324,0.00669124,-0.17720389,0.09123186,0.13838360,-0.08202563,0.14216001,-0.30807197,-0.13727464,-0.14148282,1.11564255,0.05285132,0.03725175,-0.05470032,-0.04629291,-0.04219862,0.32441223,0.41909227,-0.35805634,0.64612478,0.04780170,0.02596826,0.03586038,0.43358326,-0.31410348,0.23327819,0.67235470,-0.01888124,0.00771157,0.00815451
0.82515377,0.00046823,0.78787071,0.01413262,-0.03883918,-0.03113460,0.99866031,0.02168609,-0.17741890,0.09000988,0.13180210,-0.09098402,0.14251825,-0.32327771,-0.13537604,-0.14444982,1.09123683,0.04478987,0.03750493,-0.05856479,-0.04662642,-0.04140255,0.31404263,0.42788559,-0.35943079,0.63687623,0.04919351,0.02626574,0.03751715,0.44018757,-0.30808103,0.22430830,0.68115056,-0.01748412,0.00659645,0.00972616
0.83256704,0.00034630,0.78853911,0.01402342,-0.03888847,-0.03004551,0.99869330,0.03592511,-0.17788643,0.08890475,0.12523822,-0.10033711,0.14274962,-0.33775681,-0.13320889,-0.14703761,1.06376648,0.03635576,0.03764620,-0.06231951,-0.04707735,-0.04061072,0.30379981,0.43665141,-0.36060116,0.62765610,0.05056220,0.02654384,0.03913156,0.44611669,-0.30218410,0.21508510,0.69017071,-0.01613367,0.00551849,0.01119184
0.84000331,0.00020809,0.78712726,0.01398170,-0.03841267,-0.02907193,0.99874111,0.04996204,-0.17837580,0.08797313,0.11933154,-0.10938808,0.14285448,-0.35155970,-0.13083208,-0.14919487,1.03334272,0.02762663,0.03766808,-0.06594306,-0.04764116,-0.03983893,0.29373392,0.44534269,-0.36158037,0.61850148,0.05190253,0.02680746,0.04069304,0.45135826,-0.29643372,0.20564343,0.69940221,-0.01483506,0.00449715,0.01254849
0.84741211,0.00005528,0.78691339,0.01409936,-0.03784460,-0.02822948,0.99878531,0.06347933,-0.17908022,0.08722098,0.11382320,-0.11855585,0.14282760,-0.36473614,-0.12828031,-0.15089655,1.00019014,0.01867551,0.03756370,-0.06942300,-0.04830521,-0.03908093,0.28386655,0.45393553,-0.36237013,0.60942435,0.05321036,0.02704928,0.04219766,0.45589533,-0.29086161,0.19601406,0.70881176,-0.01359261,0.00354260,0.01379236
0.85486823,-0.00011530,0.78727180,0.01432431,-0.03697852,-0.02752221,0.99883429,0.07669587,-0.17989066,0.08665783,0.10894644,-0.12766936,0.14266723,-0.37744418,-0.12557958,-0.15214299,0.96449488,0.00955344,0.03732695,-0.07273380,-0.04904777,-0.03833942,0.27423495,0.46239930,-0.36297879,0.60044652,0.05448167,0.02726712,0.04364025,0.45971400,-0.28548557,0.18623397,0.71836871,-0.01240993,0.00266856,0.01492238
0.86206412,-0.00027483,0.78618973,0.01454663,-0.03651943,-0.02695989,0.99886330,0.08910641,-0.18044427,0.08615471,0.10427731,-0.13708645,0.14237133,-0.38983178,-0.12283067,-0.15288620,0.92648917,0.00031303,0.03694706,-0.07586086,-0.04990102,-0.03763062,0.26489919,0.47070348,-0.36342227,0.59159470,0.05571285,0.02746157,0.04501436,0.46284321,-0.28032082,0.17634271,0.72805107,-0.01128990,0.00189414,0.01593912
0.86930680,-0.00054344,0.78603834,0.01522386,-0.03580913,-0.02654362,0.99889007,0.10101491,-0.18197754,0.08604053,0.10023017,-0.14682712,0.14191933,-0.40114382,-0.12037465,-0.15290239,0.88543868,-0.00768319,0.03636866,-0.07878895,-0.05099966,-0.03709073,0.25587851,0.47888187,-0.36368504,0.58284152,0.05690236,0.02760611,0.04632930,0.46532610,-0.27542165,0.16636178,0.73779261,-0.01023455,0.00121504,0.01683618
0.87666154,-0.00089229,0.78716958,0.01607508,-0.03518916,-0.02624029,0.99890678,0.11241101,-0.18426275,0.08627585,0.09684459,-0.15684423,0.14130601,-0.41162455,-0.11829315,-0.15218928,0.84178483,-0.01438774,0.03558396,-0.08150332,-0.05234211,-0.03676299,0.24721912,0.48692629,-0.36377379,0.57420397,0.05804806,0.02769768,0.04758605,0.46720701,-0.27079496,0.15633236,0.74757141,-0.00924525,0.00065220,0.01761650
0.88396382,-0.00129252,0.78417462,0.01752853,-0.03399394,-0.02608299,0.99892785,0.12319215,-0.18703718,0.08680170,0.09407525,-0.16717786,0.14052530,-0.42095667,-0.11661860,-0.15074770,0.79600346,-0.01955602,0.03458039,-0.08399859,-0.05387446,-0.03667342,0.23897009,0.49480069,-0.36370820,0.56571674,0.05914809,0.02774459,0.04878130,0.46852544,-0.26641390,0.14630750,0.75738865,-0.00832294,0.00023994,0.01828854
0.89150405,-0.00185926,0.78480244,0.01894951,-0.03320905,-0.02601254,0.99893014,0.13338716,-0.19075555,0.08773191,0.09202944,-0.17791924,0.13956112,-0.42939210,-0.11530823,-0.14865002,0.74869090,-0.02332413,0.03336200,-0.08626280,-0.05548649,-0.03683364,0.23113321,0.50251806,-0.36347991,0.55738169,0.06020209,0.02774213,0.04992543,0.46930221,-0.26227951,0.13632688,0.76721925,-0.00746776,0.00000000,0.01885625
0.89909869,-0.00245742,0.78179836,0.02081144,-0.03159503,-0.02609825,0.99894320,0.14335699,-0.19452676,0.08899308,0.09128421,-0.18814568,0.13841157,-0.43708387,-0.11409751,-0.14606445,0.70057273,-0.02620950,0.03195119,-0.08830013,-0.05697392,-0.03713732,0.22371359,0.51003778,-0.36310637,0.54923743,0.06120945,0.02768886,0.05101872,0.46952045,-0.25833714,0.12644912,0.77706820,-0.00667936,0.00000000,0.01933244
0.90642160,-0.00313326,0.77974820,0.02238846,-0.03089270,-0.02630460,0.99892566,0.15213411,-0.19819298,0.09035838,0.09073038,-0.19922133,0.13706717,-0.44500965,-0.11276626,-0.14315543,0.65208459,-0.02919040,0.03038219,-0.09012756,-0.05818785,-0.03737680,0.21668231,0.51732290,-0.36260185,0.54132050,0.06217012,0.02759893,0.05206364,0.46912310,-0.25454214,0.11672468,0.78692275,-0.00595700,0.00000000,0.01972671
0.91382217,-0.00385302,0.77903992,0.02392447,-0.02962521,-0.02664232,0.99891949,0.16072915,-0.20200813,0.09202552,0.09143505,-0.21023066,0.13551502,-0.45300183,-0.11119271,-0.13997862,0.60367155,-0.03218482,0.02865916,-0.09176768,-0.05903175,-0.03750995,0.21001926,0.52437043,-0.36196861,0.53364247,0.06308538,0.02747116,0.05306938,0.46812361,-0.25088066,0.10719202,0.79676974,-0.00529915,0.00000000,0.02004449
0.92108887,-0.00462777,0.77770394,0.02531868,-0.02859809,-0.02708358,0.99890320,0.16829345,-0.20569441,0.09381983,0.09261548,-0.22195509,0.13374734,-0.46098727,-0.10928825,-0.13656501,0.55578852,-0.03515785,0.02678759,-0.09324889,-0.05947129,-0.03747538,0.20371488,0.53117841,-0.36121503,0.52621698,0.06395686,0.02730426,0.05404367,0.46655190,-0.24735703,0.09788121,0.80659211,-0.00470393,0.00000000,0.02028780
0.92845190,-0.00539759,0.77678281,0.02658182,-0.02757875,-0.02758485,0.99888533,0.17531961,-0.20936221,0.09583359,0.09482962,-0.23392993,0.13175605,-0.46909666,-0.10692514,-0.13296731,0.50879902,-0.03807802,0.02477749,-0.09460093,-0.05946617,-0.03725384,0.19777468,0.53774035,-0.36035419,0.51906461,0.06478637,0.02710019,0.05499290,0.46445930,-0.24396493,0.08882647,0.81637895,-0.00416900,0.00000000,0.02046110
0.93567902,-0.00615940,0.77473480,0.02756739,-0.02652729,-0.02813101,0.99887186,0.18140945,-0.21270965,0.09794312,0.09772471,-0.24648155,0.12953992,-0.47729382,-0.10400623,-0.12920402,0.46316195,-0.04088647,0.02263684,-0.09586345,-0.05906197,-0.03678593,0.19220708,0.54405195,-0.35940278,0.51220810,0.06557602,0.02686277,0.05592223,0.46191081,-0.24071686,0.08005391,0.82611787,-0.00369167,0.00000000,0.02056533
0.94300503,-0.00687105,0.77175051,0.02826667,-0.02562328,-0.02866948,0.99886060,0.18692908,-0.21568352,0.10020151,0.10180739,-0.25906864,0.12709962,-0.48564658,-0.10037820,-0.12531777,0.41929543,-0.04350498,0.02037742,-0.09707147,-0.05828625,-0.03609421,0.18704425,0.55009550,-0.35838449,0.50567961,0.06632769,0.02660018,0.05683412,0.45899341,-0.23761848,0.07159249,0.83580226,-0.00326905,0.00000000,0.02060276
0.95025837,-0.00750066,0.77119029,0.02874160,-0.02422337,-0.02919757,0.99886668,0.19191319,-0.21842101,0.10254829,0.10694785,-0.27214557,0.12443648,-0.49401790,-0.09591495,-0.12132356,0.37773952,-0.04580761,0.01800882,-0.09826490,-0.05723916,-0.03517378,0.18231216,0.55586094,-0.35732278,0.49950671,0.06704360,0.02631965,0.05773076,0.45579249,-0.23467886,0.06346950,0.84541678,-0.00289802,0.00000000,0.02057485
0.95768601,-0.00803387,0.76991498,0.02886242,-0.02286373,-0.02963525,0.99888236,0.19646528,-0.22046186,0.10492177,0.11345676,-0.28520390,0.12156684,-0.50226724,-0.09047257,-0.11724726,0.33904585,-0.04763053,0.01554123,-0.09946478,-0.05604312,-0.03409307,0.17807144,0.56131965,-0.35625386,0.49373102,0.06772515,0.02603519,0.05860870,0.45239493,-0.23189682,0.05571530,0.85494608,-0.00257529,0.00000000,0.02048423
0.96510983,-0.00846066,0.76747799,0.02860868,-0.02143975,-0.02996325,0.99891145,0.20034564,-0.22115679,0.10712438,0.12110238,-0.29842976,0.11852174,-0.51005518,-0.08394212,-0.11310051,0.30390829,-0.04876621,0.01298221,-0.10070673,-0.05486180,-0.03288744,0.17433439,0.56646580,-0.35520062,0.48835969,0.06837481,0.02574417,0.05946964,0.44887215,-0.22929405,0.04835148,0.86434990,-0.00229735,0.00000000,0.02032944
0.97237533,-0.00874196,0.76647288,0.02816272,-0.01984624,-0.03017139,0.99895079,0.20347637,-0.22008543,0.10900731,0.12972271,-0.31225026,0.11534233,-0.51698965,-0.07632910,-0.10886355,0.27301183,-0.04897602,0.01033450,-0.10199750,-0.05386631,-0.03166348,0.17116688,0.57126415,-0.35421011,0.48342133,0.06899390,0.02545508,0.06030448,0.44529688,-0.22689615,0.04139677,0.87359369,-0.00206089,0.00000000,0.02010705
0.97982675,-0.00882578,0.76411664,0.02755916,-0.01820831,-0.03027105,0.99899580,0.20678148,-0.21634938,0.11069401,0.14092201,-0.32449150,0.11208940,-0.52280051,-0.06770777,-0.10450324,0.24692930,-0.04802194,0.00759953,-0.10330785,-0.05314450,-0.03066280,0.16870740,0.57564765,-0.35335919,0.47895989,0.06958289,0.02518365,0.06109244,0.44177529,-0.22473824,0.03486652,0.88266283,-0.00186264,0.00000000,0.01981174
0.98727024,-0.00869695,0.76287806,0.02681542,-0.01562126,-0.03034973,0.99905746,0.21071047,-0.20987077,0.11205504,0.15552486,-0.33425251,0.10877827,-0.52726036,-0.05799002,-0.10003530,0.22616448,-0.04567767,0.00478664,-0.10460366,-0.05275474,-0.03004244,0.16709179,0.57957602,-0.35271567,0.47502044,0.07014201,0.02494724,0.06181421,0.43841004,-0.22284321,0.02878204,0.89153486,-0.00169956,0.00000000,0.01944125
0.99498498,-0.00837376,0.76033390,0.02595002,-0.01337819,-0.03040713,0.99911112,0.21496640,-0.20053257,0.11296734,0.17370509,-0.34123823,0.10543244,-0.53014803,-0.04718042,-0.09546678,0.21105351,-0.04173999,0.00189996,-0.10583936,-0.05270003,-0.02993625,0.16651481,0.58293289,-0.35239264,0.47169793,0.07066919,0.02478863,0.06243062,0.43526509,-0.22118381,0.02318304,0.90020055,-0.00156901,0.00000000,0.01900209
1.00304306,-0.00780508,0.75898641,0.02507931,-0.01036808,-0.03053612,0.99916519,0.22035164,-0.18884625,0.11372510,0.19644479,-0.34487516,0.10208516,-0.53125900,-0.03542423,-0.09080236,0.20166467,-0.03610099,-0.00106434,-0.10696883,-0.05291723,-0.03040775,0.16716211,0.58560711,-0.35249498,0.46909553,0.07116164,0.02475600,0.06290291,0.43237963,-0.21969812,0.01812628,0.90864223,-0.00146865,0.00000000,0.01851004
1.01128852,-0.00700498,0.75782061,0.02419126,-0.00712914,-0.03072786,0.99920957,0.22603217,-0.17450193,0.11452715,0.22314389,-0.34522915,0.09878939,-0.53074765,-0.02298236,-0.08606143,0.19764648,-0.02881100,-0.00411397,-0.10798683,-0.05321722,-0.03129973,0.16904628,0.58759391,-0.35303935,0.46723396,0.07161832,0.02485869,0.06322471,0.42973155,-0.21832223,0.01367984,0.91678548,-0.00139589,0.00000000,0.01798853
1.01986766,-0.00623651,0.75690037,0.02304459,-0.00435004,-0.03082156,0.99924975,0.23067947,-0.15806486,0.11584205,0.25281012,-0.34243259,0.09555063,-0.52924460,-0.01008467,-0.08120766,0.19812521,-0.02006170,-0.00724478,-0.10889063,-0.05326395,-0.03236233,0.17215596,0.58895391,-0.35399175,0.46613401,0.07203740,0.02510858,0.06340589,0.42731607,-0.21691172,0.00994933,0.92456651,-0.00134889,0.00000000,0.01748195
1.02854800,-0.00551824,0.75626254,0.02140307,-0.00215542,-0.03088605,0.99929141,0.23354393,-0.14051461,0.11774787,0.28478140,-0.33653206,0.09232420,-0.52689046,0.00308622,-0.07641330,0.20243824,-0.01002542,-0.01046107,-0.10969468,-0.05275680,-0.03333699,0.17637850,0.58980018,-0.35526064,0.46577844,0.07241774,0.02550129,0.06347577,0.42507285,-0.21531120,0.00703928,0.93189985,-0.00132583,0.00000000,0.01703533
1.03631008,-0.00511765,0.75623959,0.01878810,-0.00070762,-0.03101981,0.99934192,0.23370939,-0.12329991,0.12028366,0.31830463,-0.32756370,0.08903517,-0.52383155,0.01628834,-0.07185976,0.20986837,0.00108561,-0.01377280,-0.11042447,-0.05142936,-0.03411311,0.18157339,0.59031558,-0.35670182,0.46612900,0.07275826,0.02602481,0.06349579,0.42300570,-0.21334825,0.00505417,0.93872666,-0.00131428,0.00000000,0.01669463
